"player","team","posQB","posRB","posTE","posWR","year","lag_ppg","lag_age","lag_starts","lag_rk_ovr","lag_pass_comp","lag_pass_att","lag_pass_yds","lag_pass_td","lag_pass_int","lag_rush_att","lag_rush_yds","lag_y_a","lag_rush_td","lag_rec_tgt","lag_rec_rec","lag_rec_yds","lag_y_r","lag_rec_td","lag_fumb_times","lag_fumb_fl","lag_score_tds","lag_score_2pm","lag_score_2pp","lag_rk_vbd","lag_rk_pos","lag_rk_probowl","lag_rk_allpro"
"Christian McCaffrey","SFO",0,1,0,0,2023,22.34375,27,16,1,0,0,0,0,0,272,1459,5.36,14,83,67,564,8.42,7,3,2,21,0,0,157,1,1,1
"CeeDee Lamb","DAL",0,0,0,1,2023,19.7352941176471,24,17,2,0,0,0,0,0,14,113,8.07,2,181,135,1749,12.96,12,3,2,14,1,0,131,1,1,1
"Josh Allen","BUF",1,0,0,0,2023,23.1176470588235,27,17,3,385,579,4306,29,18,111,524,4.72,15,0,0,0,0,0,7,4,15,0,3,122,1,0,0
"Tyreek Hill","MIA",0,0,0,1,2023,19.78125,29,16,4,0,0,0,0,0,6,15,2.5,0,171,119,1799,15.12,13,1,1,13,0,0,120,2,1,1
"Jalen Hurts","PHI",1,0,0,0,2023,21,25,17,5,352,538,3858,23,15,157,605,3.85,15,0,0,0,0,0,9,5,15,0,0,89,2,1,0
"Raheem Mostert","MIA",0,1,0,0,2023,17.0333333333333,31,15,6,0,0,0,0,0,209,1012,4.84,18,32,25,175,7,3,4,1,21,0,0,80,2,1,0
"Amon-Ra St. Brown","DET",0,0,0,1,2023,16.96875,24,16,7,0,0,0,0,0,4,24,6,0,164,119,1515,12.73,10,1,1,10,0,0,78,3,1,1
"Dak Prescott","DAL",1,0,0,0,2023,20.1764705882353,30,17,8,410,590,4516,36,9,55,242,4.4,2,0,0,0,0,0,4,2,2,0,2,76,3,1,0
"Mike Evans","TAM",0,0,0,1,2023,14.3235294117647,30,17,9,0,0,0,0,0,0,0,0,0,136,79,1255,15.89,13,0,0,13,0,0,70,4,1,0
"Lamar Jackson","BAL",1,0,0,0,2023,20.6875,26,16,10,307,457,3678,24,7,148,821,5.55,5,0,0,0,0,0,11,6,5,0,1,65,4,1,1
"Sam LaPorta","DET",0,0,1,0,2023,11.5294117647059,22,14,11,0,0,0,0,0,1,4,4,0,120,86,889,10.34,10,0,0,10,2,0,65,1,1,0
"Travis Etienne","JAX",0,1,0,0,2023,14.8823529411765,24,17,12,0,0,0,0,0,267,1008,3.78,11,73,58,476,8.21,1,0,0,12,2,0,62,3,0,0
"Kyren Williams","LAR",0,1,0,0,2023,19.9166666666667,23,11,13,0,0,0,0,0,228,1144,5.02,12,48,32,206,6.44,3,3,2,15,1,0,61,4,1,0
"Puka Nacua","LAR",0,0,0,1,2023,14.5,22,17,14,0,0,0,0,0,12,89,7.42,0,160,105,1486,14.15,6,1,0,6,0,0,60,5,1,0
"D.J. Moore","CHI",0,0,0,1,2023,14.0588235294118,26,17,15,0,0,0,0,0,4,21,5.25,1,136,96,1364,14.21,8,1,1,9,0,0,58,6,0,0
"Derrick Henry","TEN",0,1,0,0,2023,13.7058823529412,29,17,16,2,3,14,2,0,280,1167,4.17,12,36,28,214,7.64,0,0,0,12,0,0,57,5,1,0
"Joe Mixon","CIN",0,1,0,0,2023,14.1764705882353,27,17,17,0,0,0,0,0,257,1034,4.02,9,64,52,376,7.23,3,0,0,12,1,0,54,6,0,0
"Jordan Love","GNB",1,0,0,0,2023,18.7647058823529,25,17,18,372,579,4159,32,11,50,247,4.94,4,0,0,0,0,0,9,3,4,0,2,53,5,0,0
"Breece Hall","NYJ",0,1,0,0,2023,14.8823529411765,22,16,19,0,0,0,0,0,223,994,4.46,5,95,76,591,7.78,4,2,0,9,1,0,53,7,0,0
"A.J. Brown","PHI",0,0,0,1,2023,13.9411764705882,26,17,20,0,0,0,0,0,0,0,0,0,158,106,1456,13.74,7,2,2,7,0,0,51,8,1,0
"Deebo Samuel","SFO",0,0,0,1,2023,14.2666666666667,27,15,21,0,1,0,0,0,37,225,6.08,5,89,60,892,14.87,7,1,0,12,0,0,51,7,0,0
"George Kittle","SFO",0,0,1,0,2023,10.65625,30,16,22,0,0,0,0,0,1,2,2,0,90,65,1020,15.69,6,0,0,6,0,0,51,2,1,1
"Nico Collins","HOU",0,0,0,1,2023,14.6666666666667,24,10,23,0,0,0,0,0,1,7,7,0,109,80,1297,16.21,8,1,0,8,1,0,48,9,0,0
"Rachaad White","TAM",0,1,0,0,2023,13.8823529411765,24,17,24,0,0,0,0,0,272,990,3.64,6,70,64,549,8.58,3,3,2,9,0,0,43,8,0,0
"Brandon Aiyuk","SFO",0,0,0,1,2023,13.21875,25,16,25,0,0,0,0,0,0,0,0,0,105,75,1342,17.89,7,1,1,7,0,0,42,10,0,0
"Travis Kelce","KAN",0,0,1,0,2023,11.5,34,15,26,0,0,0,0,0,0,0,0,0,121,93,984,10.58,5,1,1,5,0,0,40,3,1,0
"Keenan Allen","LAC",0,0,0,1,2023,17.3076923076923,31,13,27,1,2,49,1,0,2,6,3,0,150,108,1243,11.51,7,2,1,7,0,0,39,11,1,0
"T.J. Hockenson","MIN",0,0,1,0,2023,11.4333333333333,26,11,28,0,0,0,0,0,0,0,0,0,127,95,960,10.11,5,1,1,5,0,0,37,4,0,0
"Stefon Diggs","BUF",0,0,0,1,2023,12.9705882352941,30,17,29,0,0,0,0,0,1,5,5,0,160,107,1183,11.06,8,2,1,8,1,0,35,12,1,0
"David Njoku","CLE",0,0,1,0,2023,10.03125,27,16,30,0,0,0,0,0,0,0,0,0,123,81,882,10.89,6,2,2,6,0,0,34,5,1,0
"Brock Purdy","SFO",1,0,0,0,2023,18.5,24,16,31,308,444,4280,31,11,39,144,3.69,2,0,0,0,0,0,6,2,2,0,0,31,6,1,0
"David Montgomery","DET",0,1,0,0,2023,14.2142857142857,26,14,32,0,0,0,0,0,219,1015,4.63,13,24,16,117,7.31,0,2,1,13,1,0,31,9,0,0
"Ja'Marr Chase","CIN",0,0,0,1,2023,13.3125,23,16,33,1,1,-7,0,0,3,-6,-2,0,145,100,1216,12.16,7,1,0,7,0,0,31,13,1,0
"Davante Adams","LVR",0,0,0,1,2023,12.5588235294118,31,17,34,0,0,0,0,0,0,0,0,0,175,103,1144,11.11,8,0,0,8,0,0,31,14,0,0
"Jahmyr Gibbs","DET",0,1,0,0,2023,14.4,21,3,35,0,0,0,0,0,182,945,5.19,10,71,52,316,6.08,1,2,1,11,0,0,30,10,1,0
"Evan Engram","JAX",0,0,1,0,2023,10.1764705882353,29,15,36,0,0,0,0,0,0,0,0,0,143,114,963,8.45,4,3,2,4,0,0,30,6,1,0
"James Cook","BUF",0,1,0,0,2023,12.4117647058824,24,13,37,0,0,0,0,0,237,1122,4.73,2,54,44,445,10.11,4,4,2,6,0,0,29,11,1,0
"Bijan Robinson","ATL",0,1,0,0,2023,12.7647058823529,21,16,38,0,0,0,0,0,214,976,4.56,4,86,58,487,8.4,4,4,3,8,0,0,29,12,0,0
"D.K. Metcalf","SEA",0,0,0,1,2023,12,26,16,39,0,0,0,0,0,0,0,0,0,119,66,1114,16.88,8,0,0,8,0,0,28,15,1,0
"Jared Goff","DET",1,0,0,0,2023,17,29,17,40,407,605,4575,30,12,32,21,0.66,2,0,0,0,0,0,6,4,2,0,2,25,7,0,0
"Taysom Hill","NOR",0,0,1,0,2023,7.96875,33,7,41,6,11,83,1,0,81,401,4.95,4,40,33,291,8.82,2,1,1,6,0,0,25,7,0,0
"Amari Cooper","CLE",0,0,0,1,2023,12.7333333333333,29,15,42,0,0,0,0,0,0,0,0,0,128,72,1250,17.36,5,2,1,5,1,0,24,16,1,0
"Saquon Barkley","NYG",0,1,0,0,2023,14.4642857142857,26,14,43,0,0,0,0,0,247,962,3.89,6,60,41,280,6.83,4,2,2,10,1,0,23,13,0,0
"Calvin Ridley","JAX",0,0,0,1,2023,11.2941176470588,29,17,44,0,0,0,0,0,9,23,2.56,0,136,76,1016,13.37,8,1,0,8,1,0,23,17,0,0
"Jayden Reed","GNB",0,0,0,1,2023,11.5625,23,13,45,0,0,0,0,0,11,119,10.82,2,94,64,793,12.39,8,2,0,10,1,0,22,18,0,0
"Cole Kmet","CHI",0,0,1,0,2023,8.5,24,17,46,0,0,0,0,0,3,2,0.67,0,90,73,719,9.85,6,1,0,6,0,0,22,8,0,0
"Jordan Addison","MIN",0,0,0,1,2023,10.9411764705882,21,14,47,0,0,0,0,0,1,2,2,0,108,70,911,13.01,10,0,0,10,0,0,21,19,0,0
"Jake Ferguson","DAL",0,0,1,0,2023,8.32352941176471,24,16,48,0,0,0,0,0,0,0,0,0,102,71,761,10.72,5,0,0,5,0,0,21,9,1,0
"DeAndre Hopkins","TEN",0,0,0,1,2023,10.9705882352941,31,16,49,0,1,0,0,0,2,9,4.5,0,137,75,1057,14.09,7,0,0,7,0,0,18,20,0,0
"Patrick Mahomes","KAN",1,0,0,0,2023,17.5,28,16,50,401,597,4183,27,14,75,389,5.19,0,0,0,0,0,0,5,3,0,0,0,17,8,1,0
"Jakobi Meyers","LVR",0,0,0,1,2023,11.46875,27,16,51,2,3,12,1,0,4,24,6,2,106,71,807,11.37,8,0,0,10,0,0,17,21,0,0
"James Conner","ARI",0,1,0,0,2023,14.5,28,13,52,0,0,0,0,0,208,1040,5,7,33,27,165,6.11,2,0,0,9,0,0,16,15,0,0
"Gus Edwards","BAL",0,1,0,0,2023,10.6470588235294,28,9,53,0,0,0,0,0,198,810,4.09,13,13,12,180,15,0,3,2,13,1,0,16,14,0,0
"DeVonta Smith","PHI",0,0,0,1,2023,11.71875,25,16,54,0,0,0,0,0,0,0,0,0,112,81,1066,13.16,7,1,1,7,0,0,16,22,0,0
"George Pickens","PIT",0,0,0,1,2023,10.4411764705882,22,16,55,0,0,0,0,0,3,18,6,0,106,63,1140,18.1,5,3,0,5,0,0,15,23,0,0
"Trey McBride","ARI",0,0,1,0,2023,8.32352941176471,24,12,56,0,0,0,0,0,0,0,0,0,106,81,825,10.19,3,1,0,3,0,0,15,10,0,0
"Chris Olave","NOR",0,0,0,1,2023,11.71875,23,11,57,0,0,0,0,0,0,0,0,0,138,87,1123,12.91,5,0,0,5,1,0,14,24,0,0
"C.J. Stroud","HOU",1,0,0,0,2023,18.3666666666667,22,15,58,319,499,4108,23,5,39,167,4.28,3,1,1,0,0,0,8,4,3,1,0,12,9,1,0
"Kenneth Walker III","SEA",0,1,0,0,2023,12.3,23,15,59,0,0,0,0,0,219,905,4.13,8,37,29,259,8.93,1,1,0,9,0,0,12,16,0,0
"Baker Mayfield","TAM",1,0,0,0,2023,16.1176470588235,28,17,60,364,566,4044,28,10,62,163,2.63,1,0,0,0,0,0,8,3,1,0,2,11,10,1,0
"Isiah Pacheco","KAN",0,1,0,0,2023,13.7142857142857,24,13,61,0,0,0,0,0,205,935,4.56,7,49,44,244,5.55,2,1,1,9,0,0,11,17,0,0
"Michael Pittman Jr.","IND",0,0,0,1,2023,12.21875,26,15,62,0,0,0,0,0,0,0,0,0,156,109,1152,10.57,4,2,1,4,2,0,11,25,0,0
"Tony Pollard","DAL",0,1,0,0,2023,11.5,26,17,63,0,0,0,0,0,252,1005,3.99,6,67,55,311,5.65,0,3,1,6,1,0,9,18,0,0
"Jerome Ford","CLE",0,1,0,0,2023,11.1176470588235,24,12,64,0,0,0,0,0,204,813,3.99,4,63,44,319,7.25,5,1,1,9,1,0,9,19,0,0
"Najee Harris","PIT",0,1,0,0,2023,10.6764705882353,25,17,65,0,0,0,0,0,255,1035,4.06,8,38,29,170,5.86,0,2,1,8,0,0,8,20,0,0
"Tua Tagovailoa","MIA",1,0,0,0,2023,15.8823529411765,25,17,66,388,560,4624,29,14,35,74,2.11,0,0,0,0,0,0,13,5,0,0,0,7,11,1,0
"Dalton Schultz","HOU",0,0,1,0,2023,8.1,27,8,67,0,0,0,0,0,0,0,0,0,88,59,635,10.76,5,1,1,5,0,0,7,11,0,0
"Mark Andrews","BAL",0,0,1,0,2023,11.25,28,9,68,0,0,0,0,0,1,0,0,0,61,45,544,12.09,6,1,0,6,0,0,6,12,0,0
"De'Von Achane","MIA",0,1,0,0,2023,16.1363636363636,22,4,69,0,0,0,0,0,103,800,7.77,8,37,27,197,7.3,3,1,1,11,0,0,5,21,0,0
"Justin Jefferson","MIN",0,0,0,1,2023,16.8,24,9,70,0,1,0,0,0,1,-12,-12,0,100,68,1074,15.79,5,1,1,5,0,0,5,26,0,0
"Brian Robinson Jr.","WAS",0,1,0,0,2023,12,24,15,71,0,0,0,0,0,178,733,4.12,5,43,36,368,10.22,4,4,2,9,1,0,4,22,0,0
"Rashee Rice","KAN",0,0,0,1,2023,10.84375,23,8,72,0,0,0,0,0,1,-3,-3,0,102,79,938,11.87,7,2,1,7,0,0,4,27,0,0
"D'Andre Swift","PHI",0,1,0,0,2023,11.21875,24,15,73,0,0,0,0,0,229,1049,4.58,5,49,39,214,5.49,1,3,1,6,0,0,2,23,1,0
"Courtland Sutton","DEN",0,0,0,1,2023,10.03125,28,14,74,0,0,0,0,0,0,0,0,0,90,59,772,13.08,10,3,3,10,0,0,2,28,0,0
"Terry McLaurin","WAS",0,0,0,1,2023,9.97058823529412,28,17,75,0,0,0,0,0,0,0,0,0,132,79,1002,12.68,4,0,0,5,0,0,1,29,0,0
"Trevor Lawrence","JAX",1,0,0,0,2023,16.4375,24,16,76,370,564,4016,21,14,70,339,4.84,4,0,0,0,0,0,12,7,4,0,1,0,12,0,0
"Sam Howell","WAS",1,0,0,0,2023,15.1470588235294,23,17,77,388,612,3946,21,21,48,263,5.48,5,1,1,4,4,0,4,2,5,1,1,0,14,0,0
"Russell Wilson","DEN",1,0,0,0,2023,17.1333333333333,35,15,78,297,447,3070,26,8,80,341,4.26,3,0,0,0,0,0,10,5,3,0,2,0,13,0,0
"Matthew Stafford","LAR",1,0,0,0,2023,16.2,35,15,79,326,521,3965,24,11,21,65,3.1,0,0,0,0,0,0,0,0,0,1,1,0,15,1,0
"Derek Carr","NOR",1,0,0,0,2023,14.1764705882353,32,17,80,375,548,3878,25,8,32,40,1.25,0,0,0,0,0,0,7,3,0,0,2,0,16,0,0
"Justin Herbert","LAC",1,0,0,0,2023,17.9615384615385,25,13,81,297,456,3134,20,7,52,228,4.38,3,1,1,10,10,0,4,1,3,0,1,0,17,0,0
"Justin Fields","CHI",1,0,0,0,2023,17.6923076923077,24,13,82,227,370,2562,16,9,124,657,5.3,4,0,0,0,0,0,10,4,4,0,0,0,18,0,0
"Geno Smith","SEA",1,0,0,0,2023,15.1,33,15,83,323,499,3624,20,9,37,155,4.19,1,1,1,-2,-2,0,5,3,1,0,2,0,19,1,0
"Joshua Dobbs","2TM",1,0,0,0,2023,15.4615384615385,28,12,84,262,417,2464,13,10,77,421,5.47,6,0,0,0,0,0,14,7,6,2,1,0,20,0,0
"Gardner Minshew II","IND",1,0,0,0,2023,11.5294117647059,27,13,85,305,490,3305,15,9,34,100,2.94,3,0,0,0,0,0,8,5,3,0,2,0,21,1,0
"Desmond Ridder","ATL",1,0,0,0,2023,11.7666666666667,24,13,86,249,388,2836,12,12,53,193,3.64,5,1,1,-6,-6,0,12,7,5,0,2,0,22,0,0
"Alvin Kamara","NOR",0,1,0,0,2023,15.0384615384615,28,12,87,0,0,0,0,0,180,694,3.86,5,86,75,466,6.21,1,0,0,6,3,0,0,24,0,0
"Bryce Young","CAR",1,0,0,0,2023,9.75,22,16,88,315,527,2877,11,10,39,253,6.49,0,0,0,0,0,0,11,6,0,1,1,0,23,0,0
"Kirk Cousins","MIN",1,0,0,0,2023,18.75,35,8,89,216,311,2331,18,5,14,25,1.79,0,0,0,0,0,0,7,4,0,0,0,0,24,0,0
"Joe Burrow","CIN",1,0,0,0,2023,14.7,27,10,90,244,365,2309,15,6,31,88,2.84,0,0,0,0,0,0,2,1,0,0,0,0,25,0,0
"Kyler Murray","ARI",1,0,0,0,2023,18.25,26,8,91,176,268,1799,10,5,44,244,5.55,3,0,0,0,0,0,7,0,3,0,1,0,26,0,0
"Chuba Hubbard","CAR",0,1,0,0,2023,9.61764705882353,24,12,92,0,0,0,0,0,238,902,3.79,5,44,39,233,5.97,0,1,0,5,0,0,0,26,0,0
"Josh Jacobs","LVR",0,1,0,0,2023,12.5,25,13,93,0,0,0,0,0,233,805,3.45,6,54,37,296,8,0,3,1,6,0,0,0,25,0,0
"Jake Browning","CIN",1,0,0,0,2023,15.9444444444444,27,7,94,171,243,1936,12,7,27,127,4.7,3,1,1,-7,-7,0,3,0,3,0,1,0,27,0,0
"Zack Moss","IND",0,1,0,0,2023,11.1785714285714,26,8,95,0,0,0,0,0,183,794,4.34,5,37,27,192,7.11,2,0,0,7,1,0,0,27,0,0
"Devin Singletary","HOU",0,1,0,0,2023,8.94117647058824,26,10,96,1,1,6,1,0,216,898,4.16,4,38,30,193,6.43,0,1,0,4,0,0,0,29,0,0
"Jonathan Taylor","IND",0,1,0,0,2023,14.65,24,7,97,0,0,0,0,0,169,741,4.38,7,23,19,153,8.05,1,1,0,8,0,0,0,28,0,0
"Jaylen Warren","PIT",0,1,0,0,2023,9.73529411764706,25,0,98,0,0,0,0,0,149,784,5.26,4,74,61,370,6.07,0,4,2,4,0,0,0,30,0,0
"Austin Ekeler","LAC",0,1,0,0,2023,11.3928571428571,28,14,99,0,0,0,0,0,179,628,3.51,5,74,51,436,8.55,1,5,4,6,0,0,0,31,0,0
"Javonte Williams","DEN",0,1,0,0,2023,9.71875,23,13,100,0,0,0,0,0,217,774,3.57,3,58,47,228,4.85,2,1,1,5,2,0,0,32,0,0
"Zay Flowers","BAL",0,0,0,1,2023,10.46875,23,16,101,0,0,0,0,0,8,56,7,1,108,77,858,11.14,5,0,0,6,1,0,0,30,0,0
"Adam Thielen","CAR",0,0,0,1,2023,10.5588235294118,33,17,102,0,0,0,0,0,1,6,6,0,137,103,1014,9.84,4,2,0,4,1,0,0,31,0,0
"Jaylen Waddle","MIA",0,0,0,1,2023,11.6428571428571,25,14,103,0,0,0,0,0,3,12,4,0,104,72,1014,14.08,4,0,0,4,0,0,0,32,0,0
"Chris Godwin","TAM",0,0,0,1,2023,9.85294117647059,27,17,104,0,1,0,0,0,4,38,9.5,1,130,83,1024,12.34,2,0,0,3,1,0,0,33,0,0
"Aidan O'Connell","LVR",1,0,0,0,2023,11.4545454545455,25,10,105,213,343,2218,12,7,17,11,0.65,1,0,0,0,0,0,4,2,1,0,0,0,28,0,0
"Ezekiel Elliott","NWE",0,1,0,0,2023,8.79411764705882,28,5,106,0,0,0,0,0,184,642,3.49,3,65,51,313,6.14,2,2,1,5,0,0,0,33,0,0
"Tyler Lockett","SEA",0,0,0,1,2023,9.55882352941176,31,17,107,0,0,0,0,0,0,0,0,0,122,79,894,11.32,5,0,0,5,2,0,0,34,0,0
"Tyler Allgeier","ATL",0,1,0,0,2023,7.58823529411765,23,3,108,0,0,0,0,0,186,683,3.67,4,23,18,193,10.72,1,0,0,5,1,0,0,34,0,0
"Zach Wilson","NYJ",1,0,0,0,2023,10,24,11,109,221,368,2271,8,7,36,211,5.86,0,0,0,0,0,0,11,7,0,1,1,0,29,0,0
"Brandin Cooks","DAL",0,0,0,1,2023,9.125,30,15,110,0,0,0,0,0,5,35,7,0,81,54,657,12.17,8,1,0,8,1,0,0,35,0,0
"Tank Dell","HOU",0,0,0,1,2023,12.8636363636364,24,8,111,0,0,0,0,0,11,51,4.64,0,75,47,709,15.09,7,1,0,7,0,0,0,37,0,0
"Garrett Wilson","NYJ",0,0,0,1,2023,9.73529411764706,23,17,112,0,1,0,0,0,4,0,0,0,168,95,1042,10.97,3,2,2,3,0,0,0,36,0,0
"Gabriel Davis","BUF",0,0,0,1,2023,8.14705882352941,24,17,113,0,0,0,0,0,1,-2,-2,0,81,45,746,16.58,7,1,1,7,1,0,0,38,0,0
"Romeo Doubs","GNB",0,0,0,1,2023,8.5,23,16,114,0,0,0,0,0,0,0,0,0,96,59,674,11.42,8,1,0,8,0,0,0,39,0,0
"Kenny Pickett","PIT",1,0,0,0,2023,9.16666666666667,25,12,115,201,324,2070,6,4,42,54,1.29,1,0,0,0,0,0,2,0,1,0,0,0,30,0,0
"Rashid Shaheed","NOR",0,0,0,1,2023,8.86666666666667,25,8,116,0,0,0,0,0,7,37,5.29,0,75,46,719,15.63,5,1,1,6,0,0,0,40,1,1
"Rhamondre Stevenson","NWE",0,1,0,0,2023,10.5833333333333,25,12,117,0,0,0,0,0,156,619,3.97,4,51,38,238,6.26,0,1,1,4,0,0,0,35,0,0
"Mac Jones","NWE",1,0,0,0,2023,9.63636363636364,25,11,118,224,345,2120,10,12,26,96,3.69,0,0,0,0,0,0,3,2,0,0,0,0,31,0,0
"Aaron Jones","GNB",0,1,0,0,2023,10.9090909090909,29,11,119,0,0,0,0,0,142,656,4.62,2,43,30,233,7.77,1,2,1,3,0,0,0,36,0,0
"Cooper Kupp","LAR",0,0,0,1,2023,11.2083333333333,30,12,120,0,0,0,0,0,1,-3,-3,0,95,59,737,12.49,5,0,0,5,1,0,0,41,0,0
"Drake London","ATL",0,0,0,1,2023,8.71875,22,16,121,1,1,22,0,0,0,0,0,0,110,69,905,13.12,2,0,0,2,1,0,0,42,0,0
"Kareem Hunt","CLE",0,1,0,0,2023,7.43333333333333,28,2,122,0,0,0,0,0,135,411,3.04,9,21,15,84,5.6,0,0,0,9,0,0,0,37,0,0
"Alexander Mattison","MIN",0,1,0,0,2023,7.375,25,13,123,0,0,0,0,0,180,700,3.89,0,44,30,192,6.4,3,3,2,3,0,0,0,38,0,0
"Diontae Johnson","PIT",0,0,0,1,2023,9.80769230769231,27,11,124,0,0,0,0,0,0,0,0,0,87,51,717,14.06,5,1,0,5,0,0,0,43,0,0
"Will Levis","TEN",1,0,0,0,2023,11.3333333333333,24,9,125,149,255,1808,8,4,25,57,2.28,1,0,0,0,0,0,7,4,1,0,1,0,32,0,0
"Tyjae Spears","TEN",0,1,0,0,2023,7.52941176470588,22,1,126,0,0,0,0,0,100,453,4.53,2,70,52,385,7.4,1,1,0,3,0,0,0,39,0,0
"Joe Flacco","CLE",1,0,0,0,2023,20.2,38,5,127,123,204,1616,13,8,9,2,0.22,0,0,0,0,0,0,4,1,0,0,1,0,33,0,0
"Darius Slayton","NYG",0,0,0,1,2023,7.41176470588235,26,13,128,0,0,0,0,0,0,0,0,0,79,50,770,15.4,4,0,0,4,0,0,0,44,0,0
"AJ Dillon","GNB",0,1,0,0,2023,7.13333333333333,25,6,129,0,0,0,0,0,178,613,3.44,2,28,22,223,10.14,0,0,0,2,0,0,0,40,0,0
"Tee Higgins","CIN",0,0,0,1,2023,9.75,24,11,130,0,0,0,0,0,0,0,0,0,76,42,656,15.62,5,0,0,5,0,0,0,45,0,0
"Curtis Samuel","WAS",0,0,0,1,2023,7.875,27,13,131,0,0,0,0,0,7,39,5.57,1,91,62,613,9.89,4,0,0,5,0,0,0,46,0,0
"Tommy DeVito","NYG",1,0,0,0,2023,10.4444444444444,25,6,132,114,178,1101,8,3,36,195,5.42,1,0,0,0,0,0,2,1,1,0,0,0,34,0,0
"Khalil Herbert","CHI",0,1,0,0,2023,8.58333333333333,25,9,133,0,0,0,0,0,132,611,4.63,2,31,20,134,6.7,1,1,1,3,1,0,0,41,0,0
"Christian Kirk","JAX",0,0,0,1,2023,10.125,27,12,134,1,2,-1,0,0,1,6,6,0,85,57,787,13.81,3,2,2,3,0,0,0,47,0,0
"Josh Downs","IND",0,0,0,1,2023,7.23529411764706,22,9,135,0,0,0,0,0,0,0,0,0,98,68,771,11.34,2,0,0,2,0,0,0,48,0,0
"Josh Reynolds","DET",0,0,0,1,2023,6.41176470588235,28,13,136,0,0,0,0,0,0,0,0,0,64,40,608,15.2,5,1,1,5,0,0,0,49,0,0
"Jerry Jeudy","DEN",0,0,0,1,2023,7.1875,24,11,137,0,0,0,0,0,0,0,0,0,87,54,758,14.04,2,1,0,2,0,0,0,50,0,0
"Jaxon Smith-Njigba","SEA",0,0,0,1,2023,6.97058823529412,21,3,138,0,0,0,0,0,0,0,0,0,93,63,628,9.97,4,0,0,4,0,0,0,51,0,0
"Tyrod Taylor","NYG",1,0,0,0,2023,7.90909090909091,34,5,139,116,180,1341,5,3,38,197,5.18,0,0,0,0,0,0,4,0,0,0,0,0,35,0,0
"Deshaun Watson","CLE",1,0,0,0,2023,14.5,28,6,140,105,171,1115,7,4,26,142,5.46,1,0,0,0,0,0,5,2,1,3,0,0,36,0,0
"Marquise Brown","ARI",0,0,0,1,2023,7.82142857142857,26,14,141,0,0,0,0,0,2,23,11.5,0,101,51,574,11.25,4,0,0,4,0,0,0,52,0,0
"Kyle Pitts","ATL",0,0,1,0,2023,6.5,23,15,142,0,0,0,0,0,1,-4,-4,0,90,53,667,12.58,3,0,0,3,0,0,0,13,0,0
"DJ Chark","CAR",0,0,0,1,2023,6.56666666666667,27,11,143,0,0,0,0,0,0,0,0,0,66,35,525,15,5,2,1,5,0,0,0,54,0,0
"Justice Hill","BAL",0,1,0,0,2023,5.9375,26,5,144,0,0,0,0,0,84,387,4.61,3,39,28,206,7.36,1,1,1,4,0,0,0,42,0,0
"Dontayvion Wicks","GNB",0,0,0,1,2023,6.7,22,6,145,1,1,14,0,0,1,1,1,0,58,39,581,14.9,4,3,1,4,0,0,0,53,0,0
"Ty Chandler","MIN",0,1,0,0,2023,5.32352941176471,25,4,146,0,0,0,0,0,102,461,4.52,3,25,21,159,7.57,0,0,0,3,0,0,0,44,0,0
"D'Onta Foreman","CHI",0,1,0,0,2023,9.5,27,8,147,0,0,0,0,0,109,425,3.9,4,16,11,77,7,1,1,0,5,0,0,0,43,0,0
"Ryan Tannehill","TEN",1,0,0,0,2023,8,35,8,148,149,230,1616,4,7,17,74,4.35,1,1,0,0,0,0,4,0,1,0,0,0,37,0,0
"Antonio Gibson","WAS",0,1,0,0,2023,6.4375,25,2,149,0,0,0,0,0,65,265,4.08,1,59,48,389,8.1,2,4,2,3,0,0,0,45,0,0
"Tyler Boyd","CIN",0,0,0,1,2023,6.55882352941176,29,13,150,0,1,0,0,1,2,11,5.5,0,98,67,667,9.96,2,0,0,2,0,0,0,55,0,0
"Hunter Henry","NWE",0,0,1,0,2023,7.07142857142857,29,10,151,0,0,0,0,0,0,0,0,0,61,42,419,9.98,6,1,0,6,0,0,0,14,0,0
"Dallas Goedert","PHI",0,0,1,0,2023,7.60714285714286,28,14,152,0,0,0,0,0,1,1,1,0,83,59,592,10.03,3,0,0,3,0,0,0,15,0,0
"Dalton Kincaid","BUF",0,0,1,0,2023,7.09375,24,11,153,0,0,0,0,0,0,0,0,0,91,73,673,9.22,2,1,1,2,0,0,0,16,0,0
"Michael Wilson","ARI",0,0,0,1,2023,7.38461538461539,23,12,154,0,0,0,0,0,0,0,0,0,58,38,565,14.87,3,0,0,3,1,0,0,56,0,0
"Jahan Dotson","WAS",0,0,0,1,2023,5.91176470588235,23,16,155,0,0,0,0,0,0,0,0,0,83,49,518,10.57,4,0,0,4,0,0,0,57,0,0
"Rico Dowdle","DAL",0,1,0,0,2023,5.21875,25,0,156,0,0,0,0,0,89,361,4.06,2,22,17,144,8.47,2,0,0,4,0,0,0,47,0,0
"Jaleel McLaughlin","DEN",0,1,0,0,2023,5.32352941176471,23,3,157,0,0,0,0,0,76,410,5.39,1,36,31,160,5.16,2,0,0,3,0,0,0,46,0,0
"Khalil Shakir","BUF",0,0,0,1,2023,5.5,23,10,158,0,0,0,0,0,1,10,10,0,45,39,611,15.67,2,1,0,2,0,0,0,58,0,0
"Jonnu Smith","ATL",0,0,1,0,2023,5.82352941176471,28,6,159,0,1,0,0,0,1,0,0,0,70,50,582,11.64,3,1,1,3,0,0,0,17,0,0
"Tutu Atwell","LAR",0,0,0,1,2023,5.78125,24,14,160,0,0,0,0,0,5,31,6.2,0,67,39,483,12.38,3,0,0,3,1,1,0,59,0,0
"Odell Beckham Jr.","BAL",0,0,0,1,2023,6.46428571428571,31,6,161,0,0,0,0,0,0,0,0,0,64,35,565,16.14,3,1,1,3,0,0,0,63,0,0
"Zach Charbonnet","SEA",0,1,0,0,2023,5.59375,22,2,162,0,0,0,0,0,108,462,4.28,1,40,33,209,6.33,0,0,0,1,0,0,0,48,0,0
"Elijah Moore","CLE",0,0,0,1,2023,6.02941176470588,23,12,163,0,0,0,0,0,9,11,1.22,0,104,59,640,10.85,2,2,2,2,0,0,0,62,0,0
"Anthony Richardson","IND",1,0,0,0,2023,18.25,21,4,164,50,84,577,3,1,25,136,5.44,4,0,0,0,0,0,3,1,4,0,2,0,38,0,0
"Wan'Dale Robinson","NYG",0,0,0,1,2023,6.86666666666667,22,8,165,0,0,0,0,0,9,87,9.67,1,78,60,525,8.75,1,0,0,2,0,0,0,61,0,0
"Christian Watson","GNB",0,0,0,1,2023,9.66666666666667,24,9,166,0,0,0,0,0,4,11,2.75,0,53,28,422,15.07,5,0,0,5,0,0,0,60,0,0
"K.J. Osborn","MIN",0,0,0,1,2023,6,26,12,167,0,0,0,0,0,0,0,0,0,75,48,540,11.25,3,1,0,3,0,0,0,64,0,0
"Logan Thomas","WAS",0,0,1,0,2023,6.21875,32,15,168,0,0,0,0,0,1,2,2,0,78,55,496,9.02,4,2,2,4,1,0,0,18,0,0
"Isaiah Likely","BAL",0,0,1,0,2023,5.05882352941176,23,8,169,0,0,0,0,0,0,0,0,0,40,30,411,13.7,5,0,0,5,0,0,0,19,0,0
"Samaje Perine","DEN",0,1,0,0,2023,5.64705882352941,28,1,170,0,0,0,0,0,53,238,4.49,1,56,50,455,9.1,0,3,2,1,0,0,0,49,0,0
"Cade Otton","TAM",0,0,1,0,2023,5.5,24,17,171,0,0,0,0,0,0,0,0,0,67,47,455,9.68,4,1,1,4,1,0,0,20,0,0
"Dameon Pierce","HOU",0,1,0,0,2023,5.46428571428571,23,7,172,0,0,0,0,0,145,416,2.87,2,17,13,101,7.77,0,0,0,3,0,0,0,50,0,0
"Noah Brown","HOU",0,0,0,1,2023,8.55,27,7,173,0,0,0,0,0,1,-1,-1,0,55,33,567,17.18,2,0,0,2,0,0,0,66,0,0
"Josh Palmer","LAC",0,0,0,1,2023,8.8,24,6,174,0,0,0,0,0,1,6,6,0,61,38,581,15.29,2,1,1,2,0,0,0,65,0,0
"Bailey Zappe","NWE",1,0,0,0,2023,6.9,24,6,175,127,212,1272,6,9,17,83,4.88,1,0,0,0,0,0,2,1,1,0,0,0,39,0,0
"Roschon Johnson","CHI",0,1,0,0,2023,5.66666666666667,22,0,176,0,0,0,0,0,81,352,4.35,2,40,34,209,6.15,0,1,0,2,0,0,0,51,0,0
"Easton Stick","LAC",1,0,0,0,2023,13.6,28,4,177,111,174,1129,3,1,27,144,5.33,1,0,0,0,0,0,5,4,1,0,0,0,40,0,0
"Kenneth Gainwell","PHI",0,1,0,0,2023,5.125,24,2,178,1,1,17,0,0,84,364,4.33,2,37,30,183,6.1,0,3,1,2,1,0,0,52,0,0
"Nick Mullens","MIN",1,0,0,0,2023,13.4,28,3,179,100,148,1306,7,8,10,25,2.5,0,0,0,0,0,0,2,0,0,0,0,0,41,0,0
"Taylor Heinicke","ATL",1,0,0,0,2023,13.2,30,4,180,74,136,890,5,4,15,124,8.27,1,0,0,0,0,0,1,0,1,0,0,0,42,0,0
"Latavius Murray","BUF",0,1,0,0,2023,4.65625,33,4,181,0,0,0,0,0,79,300,3.8,4,22,17,119,7,0,1,0,4,0,0,0,53,0,0
"Rondale Moore","ARI",0,0,0,1,2023,5,23,8,182,0,0,0,0,0,28,178,6.36,1,62,40,352,8.8,1,1,0,2,0,0,0,67,0,0
"Jimmy Garoppolo","LVR",1,0,0,0,2023,9.14285714285714,32,6,183,110,169,1205,7,9,20,39,1.95,0,0,0,0,0,0,1,0,0,0,1,0,43,0,0
"Kendrick Bourne","NWE",0,0,0,1,2023,10.1875,28,5,184,0,0,0,0,0,1,4,4,0,55,37,406,10.97,4,1,1,4,0,0,0,69,0,0
"Alec Pierce","IND",0,0,0,1,2023,4.64705882352941,23,16,185,0,0,0,0,0,0,0,0,0,65,32,514,16.06,2,0,0,2,0,0,0,68,0,0
"Nelson Agholor","BAL",0,0,0,1,2023,4.67647058823529,30,3,186,0,0,0,0,0,0,0,0,0,45,35,381,10.89,4,1,0,4,0,0,0,71,0,0
"Tyler Conklin","NYJ",0,0,1,0,2023,5.44117647058824,28,12,187,0,0,0,0,0,1,0,0,0,87,61,621,10.18,0,0,0,0,0,0,0,21,0,0
"Tyler Higbee","LAR",0,0,1,0,2023,5.7,30,15,188,0,0,0,0,0,0,0,0,0,70,47,495,10.53,2,0,0,2,0,0,0,22,0,0
"Kalif Raymond","DET",0,0,0,1,2023,4.67647058823529,29,3,189,0,0,0,0,0,7,75,10.71,0,44,35,489,13.97,1,1,0,1,0,0,0,70,0,0
"Justin Watson","KAN",0,0,0,1,2023,4.71875,28,8,190,0,0,0,0,0,0,0,0,0,53,27,460,17.04,3,1,1,3,0,0,0,72,0,0
"Juwan Johnson","NOR",0,0,1,0,2023,6.11538461538461,27,11,191,0,0,0,0,0,0,0,0,0,59,37,368,9.95,4,0,0,4,0,0,0,24,0,0
"Keaton Mitchell","BAL",0,1,0,0,2023,8.1875,21,2,192,0,0,0,0,0,47,396,8.43,2,11,9,93,10.33,0,0,0,2,0,0,0,54,0,0
"Demarcus Robinson","LAR",0,0,0,1,2023,4.625,29,4,193,0,0,0,0,0,1,23,23,0,39,26,371,14.27,4,2,1,4,0,0,0,73,0,0
"Miles Sanders","CAR",0,1,0,0,2023,4.65625,26,5,194,0,0,0,0,0,129,432,3.35,1,41,27,154,5.7,0,2,2,1,0,0,0,55,0,0
"Darren Waller","NYG",0,0,1,0,2023,7.25,31,11,195,0,0,0,0,0,0,0,0,0,74,52,552,10.62,1,0,0,1,0,0,0,23,0,0
"Gerald Everett","LAC",0,0,1,0,2023,5.7,29,12,196,0,0,0,0,0,3,10,3.33,0,70,51,411,8.06,3,3,0,3,0,0,0,25,0,0
"Jerick McKinnon","KAN",0,1,0,0,2023,5.95833333333333,31,0,197,1,1,4,1,0,21,60,2.86,1,32,25,192,7.68,4,0,0,5,0,0,0,56,0,0
"Chigoziem Okonkwo","TEN",0,0,1,0,2023,5.05882352941176,24,11,198,0,0,0,0,0,2,6,3,0,77,54,528,9.78,1,0,0,1,0,0,0,26,0,0
"Zamir White","LVR",0,1,0,0,2023,3.91176470588235,24,4,199,0,0,0,0,0,104,451,4.34,1,19,15,98,6.53,0,1,1,1,0,0,0,57,0,0
"Demario Douglas","NWE",0,0,0,1,2023,5.89285714285714,23,7,200,0,0,0,0,0,8,41,5.13,0,79,49,561,11.45,0,3,1,0,0,0,0,74,0,0
"Daniel Jones","NYG",1,0,0,0,2023,9.5,26,6,201,108,160,909,2,6,40,206,5.15,1,0,0,0,0,0,4,1,1,0,0,0,44,0,0
"Trey Palmer","TAM",0,0,0,1,2023,4.5,22,8,202,0,0,0,0,0,3,22,7.33,0,68,39,385,9.87,3,3,1,3,0,0,0,76,0,0
"Nick Westbrook-Ikhine","TEN",0,0,0,1,2023,5.07142857142857,26,9,203,0,0,0,0,0,0,0,0,0,45,28,370,13.21,3,0,0,3,1,0,0,75,0,0
"Quentin Johnston","LAC",0,0,0,1,2023,4.41176470588235,22,10,204,0,0,0,0,0,3,9,3,0,67,38,431,11.34,2,0,0,2,0,0,0,78,0,0
"Jameson Williams","DET",0,0,0,1,2023,5.66666666666667,22,10,205,0,0,0,0,0,3,29,9.67,1,42,24,354,14.75,2,1,0,3,0,0,0,77,0,0
"Michael Gallup","DAL",0,0,0,1,2023,4.17647058823529,27,13,206,0,0,0,0,0,0,0,0,0,57,34,418,12.29,2,0,0,2,0,0,0,80,0,0
"Brandon Johnson","DEN",0,0,0,1,2023,4.88461538461539,25,2,207,0,0,0,0,0,0,0,0,0,30,19,284,14.95,4,0,0,4,1,0,0,79,0,0
"Joshua Kelley","LAC",0,1,0,0,2023,3.41176470588235,26,3,208,0,0,0,0,0,107,405,3.79,2,12,8,32,4,0,1,1,2,0,0,0,58,0,0
"Tyson Bagent","CHI",1,0,0,0,2023,10.6,23,4,209,94,143,859,3,6,23,109,4.74,2,0,0,0,0,0,3,2,2,0,0,0,45,0,0
"Clyde Edwards-Helaire","KAN",0,1,0,0,2023,4.1,24,3,210,0,0,0,0,0,70,223,3.19,1,22,17,188,11.06,1,0,0,2,0,0,0,59,0,0
"Donald Parham","LAC",0,0,1,0,2023,4.75,26,8,211,0,0,0,0,0,0,0,0,0,41,27,285,10.56,4,0,0,4,0,0,0,27,0,0
"Tre Tucker","LVR",0,0,0,1,2023,3.90625,22,1,212,0,0,0,0,0,10,77,7.7,0,34,19,331,17.42,2,0,0,2,0,0,0,81,0,0
"Emari Demercado","ARI",0,1,0,0,2023,4.46428571428571,24,2,213,0,0,0,0,0,58,284,4.9,2,30,21,119,5.67,0,0,0,2,0,0,0,60,0,0
"Michael Thomas","NOR",0,0,0,1,2023,7.05,30,7,214,0,0,0,0,0,0,0,0,0,64,39,448,11.49,1,0,0,1,0,0,0,82,0,0
"Marvin Mims","DEN",0,0,0,1,2023,3.75,21,7,215,0,0,0,0,0,9,30,3.33,0,33,22,377,17.14,1,2,2,2,0,0,0,84,1,0
"A.T. Perry","NOR",0,0,0,1,2023,5.5,24,3,216,0,0,0,0,0,0,0,0,0,18,12,246,20.5,4,0,0,4,0,0,0,85,0,0
"Mitchell Trubisky","PIT",1,0,0,0,2023,9.8,29,2,217,67,107,632,4,5,16,54,3.38,2,0,0,0,0,0,1,1,2,0,1,0,46,0,0
"Robert Woods","HOU",0,0,0,1,2023,4.92857142857143,31,11,218,0,0,0,0,0,1,7,7,0,75,40,426,10.65,1,0,0,1,0,0,0,83,0,0
"Tucker Kraft","GNB",0,0,1,0,2023,3.73529411764706,23,8,219,0,0,0,0,0,0,0,0,0,40,31,355,11.45,2,0,0,2,0,0,0,28,0,0
"Darnell Mooney","CHI",0,0,0,1,2023,4.23333333333333,26,14,220,0,0,0,0,0,2,5,2.5,0,61,31,414,13.35,1,0,0,1,0,0,0,86,0,0
"KaVontae Turpin","DAL",0,0,0,1,2023,3.375,27,0,221,0,0,0,0,0,11,110,10,1,18,12,127,10.58,3,1,0,4,0,0,0,87,0,0
"Cedrick Wilson Jr.","MIA",0,0,0,1,2023,3.93333333333333,28,3,222,0,0,0,0,0,0,0,0,0,38,22,296,13.45,3,0,0,3,0,0,0,88,0,0
"Chris Moore","TEN",0,0,0,1,2023,3.35294117647059,30,5,223,0,0,0,0,0,2,39,19.5,0,35,22,424,19.27,0,1,0,0,0,0,0,89,0,0
"Rashod Bateman","BAL",0,0,0,1,2023,3.8125,24,12,224,0,0,0,0,0,1,18,18,0,56,32,367,11.47,1,0,0,1,0,0,0,90,0,0
"Royce Freeman","LAR",0,1,0,0,2023,3.25,27,0,225,0,0,0,0,0,77,319,4.14,2,2,1,13,13,0,0,0,2,0,0,0,61,0,0
"Pat Freiermuth","PIT",0,0,1,0,2023,5.08333333333333,25,9,226,0,0,0,0,0,0,0,0,0,47,32,308,9.63,2,0,0,2,1,0,0,29,0,0
"Zay Jones","JAX",0,0,0,1,2023,6.77777777777778,28,7,227,0,0,0,0,0,0,0,0,0,64,34,321,9.44,2,0,0,2,0,0,0,91,0,0
"Michael Mayer","LVR",0,0,1,0,2023,4.10714285714286,22,12,228,0,0,0,0,0,0,0,0,0,40,27,304,11.26,2,0,0,2,1,0,0,30,0,0
"Kylen Granson","IND",0,0,1,0,2023,3.86666666666667,25,7,229,0,0,0,0,0,1,2,2,0,50,30,368,12.27,1,0,0,1,0,0,0,31,0,0
"Noah Gray","KAN",0,0,1,0,2023,3.35294117647059,24,10,230,0,0,0,0,0,1,1,1,0,41,28,305,10.89,2,0,0,2,0,0,0,32,0,0
"Jamaal Williams","NOR",0,1,0,0,2023,4,28,4,231,0,0,0,0,0,106,306,2.89,1,20,18,62,3.44,0,1,0,1,0,0,0,62,0,0
"Jordan Mason","SFO",0,1,0,0,2023,2.55882352941176,24,0,232,0,0,0,0,0,40,206,5.15,3,4,3,31,10.33,0,0,0,3,0,0,0,63,0,0
"Jonathan Mingo","CAR",0,0,0,1,2023,4.23333333333333,22,14,233,0,0,0,0,0,0,0,0,0,85,43,418,9.72,0,1,0,0,0,0,0,92,0,0
"Elijah Mitchell","SFO",0,1,0,0,2023,4.09090909090909,25,1,234,0,0,0,0,0,75,281,3.75,2,8,6,14,2.33,0,0,0,2,0,0,0,64,0,0
"Greg Dortch","ARI",0,0,0,1,2023,3.3125,25,4,235,0,0,0,0,0,1,5,5,0,41,24,280,11.67,2,0,0,2,0,0,0,93,0,0
"Noah Fant","SEA",0,0,1,0,2023,3.35294117647059,26,17,236,0,0,0,0,0,0,0,0,0,43,32,414,12.94,0,0,0,0,0,0,0,33,0,0
"Tanner Hudson","CIN",0,0,1,0,2023,5.04166666666667,29,1,237,0,0,0,0,0,0,0,0,0,50,39,352,9.03,1,0,0,1,0,0,0,34,0,0
"Luke Musgrave","GNB",0,0,1,0,2023,5.27272727272727,23,9,238,0,0,0,0,0,0,0,0,0,46,34,352,10.35,1,0,0,1,0,0,0,35,0,0
"Chase Brown","CIN",0,1,0,0,2023,3.91666666666667,23,0,239,0,0,0,0,0,44,179,4.07,0,15,14,156,11.14,1,1,0,1,0,0,0,65,0,0
"Mason Rudolph","PIT",1,0,0,0,2023,10,28,3,240,55,74,719,3,0,10,8,0.8,0,0,0,0,0,0,3,1,0,0,0,0,47,0,0
"Isaiah Hodgins","NYG",0,0,0,1,2023,2.91176470588235,25,9,241,0,0,0,0,0,0,0,0,0,33,21,230,10.95,3,1,1,3,0,0,0,95,0,0
"DeVante Parker","NWE",0,0,0,1,2023,4.26923076923077,30,13,242,0,0,0,0,0,0,0,0,0,55,33,394,11.94,0,0,0,0,0,0,0,94,0,0
"Jake Bobo","SEA",0,0,0,1,2023,2.79411764705882,25,0,243,0,0,0,0,0,1,3,3,1,25,19,196,10.32,2,0,0,3,0,0,0,97,0,0
"Xavier Gipson","NYJ",0,0,0,1,2023,2.85294117647059,22,3,244,0,0,0,0,0,8,68,8.5,1,38,21,229,10.9,0,5,2,2,0,0,0,98,0,0
"Trenton Irwin","CIN",0,0,0,1,2023,3.15625,28,5,245,0,0,0,0,0,0,0,0,0,32,25,316,12.64,1,2,0,1,0,0,0,99,0,0
"Brandon Powell","MIN",0,0,0,1,2023,3.08823529411765,28,2,246,0,0,0,0,0,5,17,3.4,0,44,29,324,11.17,1,1,1,1,0,0,0,96,0,0
"Pierre Strong","CLE",0,1,0,0,2023,2.38235294117647,25,1,247,0,0,0,0,0,63,291,4.62,1,8,5,47,9.4,0,1,1,1,0,0,0,66,0,0
"Adam Trautman","DEN",0,0,1,0,2023,2.88235294117647,26,12,248,0,0,0,0,0,0,0,0,0,35,22,204,9.27,3,0,0,3,0,0,0,36,0,0
"Jalin Hyatt","NYG",0,0,0,1,2023,2.85294117647059,22,7,249,0,0,0,0,0,0,0,0,0,40,23,373,16.22,0,1,0,0,0,0,0,100,0,0
"Allen Lazard","NYJ",0,0,0,1,2023,3.46428571428571,28,12,250,0,0,0,0,0,0,0,0,0,49,23,311,13.52,1,0,0,1,0,0,0,101,0,0
"Colby Parkinson","SEA",0,0,1,0,2023,2.91176470588235,24,1,251,0,0,0,0,0,0,0,0,0,34,25,247,9.88,2,0,0,2,0,0,0,38,0,0
"Durham Smythe","MIA",0,0,1,0,2023,3.40625,28,14,252,0,0,0,0,0,0,0,0,0,43,35,366,10.46,0,0,0,0,0,0,0,39,0,0
"Jalen Tolbert","DAL",0,0,0,1,2023,2.82352941176471,24,6,253,0,0,0,0,0,0,0,0,0,36,22,268,12.18,2,1,1,2,0,0,0,102,0,0
"Tommy Tremble","CAR",0,0,1,0,2023,3.03125,23,8,254,0,0,0,0,0,0,0,0,0,32,23,194,8.43,3,0,0,3,0,0,0,37,0,0
"Cam Akers","2TM",0,1,0,0,2023,5.92857142857143,24,1,255,0,0,0,0,0,60,167,2.78,2,12,11,70,6.36,0,0,0,2,0,0,0,68,0,0
"Mo Alie-Cox","IND",0,0,1,0,2023,2.5,30,7,256,0,0,0,0,0,0,0,0,0,22,13,161,12.38,3,0,0,3,1,0,0,41,0,0
"Calvin Austin","PIT",0,0,0,1,2023,2.61764705882353,24,1,257,0,0,0,0,0,11,57,5.18,1,30,17,180,10.59,1,2,0,2,0,0,0,103,0,0
"Mike Gesicki","NWE",0,0,1,0,2023,2.97058823529412,28,10,258,0,0,0,0,0,0,0,0,0,45,29,244,8.41,2,0,0,2,0,0,0,40,0,0
"Andrei Iosivas","CIN",0,0,0,1,2023,2.71875,24,1,259,0,0,0,0,0,0,0,0,0,25,15,116,7.73,4,0,0,4,0,0,0,104,0,0
"Chris Rodriguez","WAS",0,1,0,0,2023,2.84615384615385,23,0,260,0,0,0,0,0,51,247,4.84,2,2,2,12,6,0,1,1,2,0,0,0,67,0,0
"Marquez Valdes-Scantling","KAN",0,0,0,1,2023,2.90625,29,10,261,0,0,0,0,0,0,0,0,0,42,21,315,15,1,1,1,1,0,0,0,105,0,0
"David Bell","CLE",0,0,0,1,2023,2.8,23,3,262,0,0,0,0,0,0,0,0,0,23,14,167,11.93,3,0,0,3,0,0,0,106,0,0
"Michael Carter","2TM",0,1,0,0,2023,3.13333333333333,24,0,263,0,0,0,0,0,30,187,6.23,0,31,24,101,4.21,1,0,0,1,0,0,0,69,0,0
"Darrell Henderson","LAR",0,1,0,0,2023,9.75,26,4,264,0,0,0,0,0,46,112,2.43,2,14,10,103,10.3,0,0,0,2,0,0,0,70,0,0
"Lil'Jordan Humphrey","DEN",0,0,0,1,2023,2.38235294117647,25,8,265,0,0,0,0,0,0,0,0,0,19,13,162,12.46,3,0,0,3,0,0,0,107,0,0
"Brevin Jordan","HOU",0,0,1,0,2023,3.03571428571429,23,6,266,0,0,0,0,0,0,0,0,0,21,17,219,12.88,2,0,0,2,0,0,0,42,0,0
"Jauan Jennings","SFO",0,0,0,1,2023,3.26923076923077,26,2,267,0,0,0,0,0,0,0,0,0,33,19,265,13.95,1,0,0,1,0,0,0,109,0,0
"Dawson Knox","BUF",0,0,1,0,2023,3.66666666666667,27,11,268,0,0,0,0,0,0,0,0,0,36,22,186,8.45,2,0,0,2,1,0,0,43,0,0
"Kendre Miller","NOR",0,1,0,0,2023,4.75,21,0,269,0,0,0,0,0,41,156,3.8,1,11,10,117,11.7,0,0,0,1,0,0,0,71,0,0
"Skyy Moore","KAN",0,0,0,1,2023,3.10714285714286,23,8,270,0,0,0,0,0,3,23,7.67,0,38,21,244,11.62,1,0,0,1,0,0,0,108,0,0
"JuJu Smith-Schuster","NWE",0,0,0,1,2023,4.22727272727273,27,7,271,0,0,0,0,0,0,0,0,0,47,29,260,8.97,1,0,0,1,0,0,0,110,0,0
"Braxton Berrios","MIA",0,0,0,1,2023,2.78125,28,1,272,0,0,0,0,0,1,11,11,0,33,27,238,8.81,1,1,0,1,0,0,0,112,0,0
"Josh Oliver","MIN",0,0,1,0,2023,2.47058823529412,26,14,273,0,0,0,0,0,0,0,0,0,28,22,213,9.68,2,1,1,2,0,0,0,44,0,0
"Mike Williams","LAC",0,0,0,1,2023,13.5,29,3,274,0,0,0,0,0,1,3,3,0,26,19,249,13.11,1,0,0,1,0,0,0,111,0,0
"Matt Breida","NYG",0,1,0,0,2023,2.26470588235294,28,4,275,0,0,0,0,0,55,151,2.75,1,21,17,88,5.18,0,1,0,1,0,0,0,72,0,0
"Bo Melton","GNB",0,0,0,1,2023,7.6,24,1,276,0,0,0,0,0,3,21,7,0,24,16,218,13.63,1,0,0,1,0,0,0,113,0,0
"Alex Erickson","LAC",0,0,0,1,2023,4.625,31,3,277,0,0,0,0,0,0,0,0,0,29,16,232,14.5,1,0,0,1,0,0,0,114,0,0
"Drew Lock","SEA",1,0,0,0,2023,7.25,27,2,278,48,76,543,3,3,5,14,2.8,0,0,0,0,0,0,0,0,0,0,0,0,48,0,0
"Andrew Beck","HOU",0,1,0,0,2023,2.23333333333333,27,12,279,0,0,0,0,0,5,3,0.6,1,13,11,55,5,2,1,1,4,0,0,0,74,0,0
"Jimmy Graham","NOR",0,0,1,0,2023,2.38461538461538,37,2,280,0,0,0,0,0,0,0,0,0,7,6,39,6.5,4,0,0,4,0,0,0,46,0,0
"Scott Miller","ATL",0,0,0,1,2023,1.97058823529412,26,0,281,0,0,0,0,0,0,0,0,0,16,11,161,14.64,2,0,0,2,0,0,0,116,0,0
"Cordarrelle Patterson","ATL",0,1,0,0,2023,2.32142857142857,32,0,282,0,0,0,0,0,50,181,3.62,0,12,9,38,4.22,1,1,0,1,0,0,0,73,0,0
"Allen Robinson","PIT",0,0,0,1,2023,2.64705882352941,30,17,283,0,0,0,0,0,0,0,0,0,49,34,280,8.24,0,0,0,0,0,0,0,117,0,0
"Drew Sample","CIN",0,0,1,0,2023,2.29411764705882,27,10,284,0,0,0,0,0,0,0,0,0,27,22,163,7.41,2,0,0,2,0,0,0,45,0,0
"Olamide Zaccheaus","PHI",0,0,0,1,2023,1.94117647058824,26,1,285,0,0,0,0,0,0,0,0,0,20,10,164,16.4,2,0,0,2,0,0,0,115,0,0
"Salvon Ahmed","MIA",0,1,0,0,2023,4.375,25,0,286,0,0,0,0,0,22,61,2.77,1,23,16,88,5.5,1,0,0,2,0,0,0,76,0,0
"Andrew Ogletree","IND",0,0,1,0,2023,2.625,25,9,287,0,0,0,0,0,0,0,0,0,21,9,147,16.33,2,0,0,2,0,0,0,47,0,0
"Trevor Siemian","NYJ",1,0,0,0,2023,5.4,32,3,288,86,153,724,2,4,11,40,3.64,0,0,0,0,0,0,5,3,0,0,0,0,49,0,0
"Jarrett Stidham","DEN",1,0,0,0,2023,9,27,2,289,40,66,496,2,1,9,8,0.89,0,0,0,0,0,0,1,0,0,0,0,0,50,0,0
"Jeff Wilson","MIA",0,1,0,0,2023,3.4,28,0,290,0,0,0,0,0,41,188,4.59,0,17,14,85,6.07,0,0,0,0,0,0,0,75,0,0
"Jamal Agnew","JAX",0,0,0,1,2023,3,28,1,291,0,0,0,0,0,4,-2,-0.5,0,21,14,225,16.07,1,1,1,1,0,0,0,118,0,0
"Daniel Bellinger","NYG",0,0,1,0,2023,2.26470588235294,23,13,292,0,0,0,0,0,0,0,0,0,28,25,255,10.2,0,0,0,0,0,0,0,48,0,0
"Chase Edmonds","TAM",0,1,0,0,2023,2.53846153846154,27,0,293,0,0,0,0,0,49,176,3.59,0,17,14,81,5.79,0,0,0,0,0,0,0,77,0,0
"Tyler Huntley","BAL",1,0,0,0,2023,5.2,25,1,294,21,37,203,3,0,15,55,3.67,0,0,0,0,0,0,0,0,0,0,0,0,52,0,0
"Kadarius Toney","KAN",0,0,0,1,2023,3.03846153846154,24,2,295,0,1,0,0,0,11,31,2.82,0,38,27,169,6.26,1,1,0,1,0,0,0,119,0,0
"Carson Wentz","LAR",1,0,0,0,2023,13,31,1,296,17,24,163,2,1,17,56,3.29,1,0,0,0,0,0,0,0,1,0,1,0,51,0,0
"Ronnie Bell","SFO",0,0,0,1,2023,1.64705882352941,23,0,297,0,0,0,0,0,0,0,0,0,13,6,68,11.33,3,1,0,3,0,0,0,123,0,0
"Pharaoh Brown","NWE",0,0,1,0,2023,1.85294117647059,29,11,298,0,0,0,0,0,0,0,0,0,15,13,208,16,1,1,1,1,0,0,0,51,0,0
"Harrison Bryant","CLE",0,0,1,0,2023,1.85294117647059,25,9,299,0,0,0,0,0,5,8,1.6,0,20,13,81,6.23,3,1,1,3,0,0,0,50,0,0
"Dalvin Cook","2TM",0,1,0,0,2023,2.16666666666667,28,1,300,0,0,0,0,0,67,214,3.19,0,20,15,78,5.2,0,2,2,0,0,0,0,79,0,0
"Zach Ertz","ARI",0,0,1,0,2023,5.5,33,7,301,0,0,0,0,0,0,0,0,0,43,27,187,6.93,1,0,0,1,0,0,0,52,0,0
"Deonte Harty","BUF",0,0,0,1,2023,2.03125,26,1,302,0,0,0,0,0,4,0,0,0,21,15,150,10,1,2,1,2,0,0,0,122,0,0
"Mack Hollins","ATL",0,0,0,1,2023,2.61538461538462,30,3,303,0,0,0,0,0,0,0,0,0,30,18,251,13.94,0,0,0,0,0,0,0,121,0,0
"D'Ernest Johnson","JAX",0,1,0,0,2023,1.76470588235294,27,0,304,0,0,0,0,0,41,108,2.63,0,12,10,140,14,0,0,0,0,0,0,0,81,0,0
"Ty Johnson","BUF",0,1,0,0,2023,2.85,26,0,305,0,0,0,0,0,30,132,4.4,0,7,7,62,8.86,1,1,0,1,0,0,0,78,0,0
"Julio Jones","PHI",0,0,0,1,2023,2.77272727272727,34,4,306,0,0,0,0,0,0,0,0,0,19,11,74,6.73,3,0,0,3,0,0,0,120,0,0
"Tony Jones","2TM",0,1,0,0,2023,4.07142857142857,26,1,307,0,0,0,0,0,26,95,3.65,2,10,7,37,5.29,0,0,0,2,0,0,0,80,0,0
"Kyle Juszczyk","SFO",0,1,0,0,2023,1.88235294117647,32,16,308,0,0,0,0,0,5,6,1.2,0,17,14,119,8.5,2,0,0,2,0,0,0,83,1,1
"Foster Moreau","NOR",0,0,1,0,2023,2.36666666666667,26,10,309,0,0,0,0,0,0,0,0,0,25,21,193,9.19,1,0,0,1,0,0,0,49,0,0
"Craig Reynolds","DET",0,1,0,0,2023,1.61764705882353,27,0,310,0,0,0,0,0,41,179,4.37,1,5,5,47,9.4,0,2,2,1,0,0,0,82,0,0
"Ihmir Smith-Marsette","CAR",0,0,0,1,2023,1.70588235294118,24,0,311,0,0,0,0,0,8,74,9.25,1,10,8,51,6.38,0,2,0,2,0,0,0,124,0,0
"Treylon Burks","TEN",0,0,0,1,2023,2.90909090909091,23,9,312,0,0,0,0,0,5,18,3.6,0,30,16,221,13.81,0,0,0,0,0,0,0,125,0,0
"Andy Dalton","CAR",1,0,0,0,2023,8,36,1,313,34,58,361,2,0,3,12,4,0,0,0,0,0,0,0,0,0,0,0,0,53,0,0
"Hayden Hurst","CAR",0,0,1,0,2023,3.66666666666667,30,8,314,0,0,0,0,0,0,0,0,0,32,18,184,10.22,1,0,0,1,0,0,0,53,0,0
"Hunter Renfrow","LVR",0,0,0,1,2023,2.14705882352941,28,3,315,0,0,0,0,0,0,0,0,0,37,25,255,10.2,0,1,1,0,0,0,0,126,0,0
"Jacoby Brissett","WAS",1,0,0,0,2023,7.66666666666667,31,0,316,18,23,224,3,0,3,19,6.33,0,0,0,0,0,0,0,0,0,0,0,0,55,0,0
"Dyami Brown","WAS",0,0,0,1,2023,1.70588235294118,24,1,317,1,1,4,0,0,1,0,0,0,23,12,168,14,1,0,0,1,0,0,0,130,0,0
"Sam Darnold","SFO",1,0,0,0,2023,2.3,26,1,318,28,46,297,2,1,21,15,0.71,1,0,0,0,0,0,3,1,1,0,0,0,54,0,0
"Will Dissly","SEA",0,0,1,0,2023,1.96875,27,14,319,0,0,0,0,0,0,0,0,0,22,17,172,10.12,1,0,0,1,0,0,0,55,0,0
"Darrynton Evans","2TM",0,1,0,0,2023,3.78571428571429,25,0,320,0,0,0,0,0,32,121,3.78,1,12,7,49,7,0,0,0,1,0,0,0,84,0,0
"KhaDarel Hodge","ATL",0,0,0,1,2023,1.76470588235294,28,4,321,0,0,0,0,0,1,0,0,0,23,14,232,16.57,0,1,0,0,0,0,0,127,0,0
"Austin Hooper","LVR",0,0,1,0,2023,2.08823529411765,29,9,322,0,0,0,0,0,0,0,0,0,31,25,234,9.36,0,0,0,0,0,0,0,54,0,0
"Johnny Mundt","MIN",0,0,1,0,2023,1.85294117647059,29,0,323,0,0,0,0,0,0,0,0,0,23,17,172,10.12,1,0,0,1,0,0,0,56,0,0
"Cedric Tillman","CLE",0,0,0,1,2023,2.39285714285714,23,3,324,0,0,0,0,0,1,8,8,0,44,21,224,10.67,0,0,0,0,0,0,0,128,0,0
"Parker Washington","JAX",0,0,0,1,2023,3.44444444444444,21,1,325,0,0,0,0,0,0,0,0,0,21,16,132,8.25,2,2,1,2,0,0,0,129,0,0
"Ameer Abdullah","LVR",0,1,0,0,2023,1.85294117647059,30,0,326,0,0,0,0,0,15,89,5.93,0,24,19,131,6.89,0,0,0,0,0,0,0,85,0,0
"Tank Bigsby","JAX",0,1,0,0,2023,1.32352941176471,22,0,327,0,0,0,0,0,50,132,2.64,2,4,1,6,6,0,2,2,2,0,0,0,86,0,0
"Elijah Higgins","ARI",0,0,1,0,2023,2.63636363636364,23,2,328,0,0,0,0,0,0,0,0,0,19,14,163,11.64,1,0,0,1,0,0,0,57,0,0
"Jalen Reagor","NWE",0,0,0,1,2023,2.31818181818182,24,1,329,0,0,0,0,0,1,17,17,0,23,7,138,19.71,0,0,0,1,0,0,0,131,0,0
"Stone Smartt","LAC",0,0,1,0,2023,1.71875,25,3,330,0,0,0,0,0,0,0,0,0,21,11,155,14.09,1,0,0,1,0,0,0,58,0,0
"Dorian Thompson-Robinson","CLE",1,0,0,0,2023,2.75,24,3,331,60,112,440,1,4,14,65,4.64,0,0,0,0,0,0,2,0,0,1,0,0,56,0,0
"C.J. Beathard","JAX",1,0,0,0,2023,3,30,1,332,40,53,349,1,0,8,35,4.38,0,0,0,0,0,0,1,0,0,0,0,0,57,0,0
"Derius Davis","LAC",0,0,0,1,2023,1.67647058823529,23,2,333,0,0,0,0,0,14,101,7.21,0,17,15,66,4.4,0,3,1,1,0,0,0,133,0,0
"Van Jefferson","2TM",0,0,0,1,2023,1.82352941176471,27,9,334,0,0,0,0,0,1,4,4,0,43,20,209,10.45,0,0,0,0,0,0,0,132,0,0
"Will Mallory","IND",0,0,1,0,2023,2.5,24,2,335,0,0,0,0,0,0,0,0,0,26,18,207,11.5,0,1,0,0,0,0,0,59,0,0
"Jamison Crowder","WAS",0,0,0,1,2023,1.64705882352941,30,0,336,0,0,0,0,0,0,0,0,0,20,16,159,9.94,1,2,1,1,0,0,0,135,0,0
"P.J. Walker","CLE",1,0,0,0,2023,3.33333333333333,28,2,337,54,111,674,1,5,13,30,2.31,0,0,0,0,0,0,4,2,0,0,0,0,58,0,0
"Quez Watkins","PHI",0,0,0,1,2023,3.05555555555556,25,5,338,0,0,0,0,0,0,0,0,0,21,15,142,9.47,1,0,0,1,0,0,0,134,0,0
"Robbie Chosen","MIA",0,0,0,1,2023,2.33333333333333,30,0,339,0,0,0,0,0,0,0,0,0,6,4,126,31.5,1,0,0,1,0,0,0,137,0,0
"Nick Chubb","CLE",0,1,0,0,2023,10.5,28,2,340,0,0,0,0,0,28,170,6.07,0,4,4,21,5.25,0,0,0,0,0,0,0,87,0,0
"Malik Heath","GNB",0,0,0,1,2023,2.03846153846154,23,1,341,0,0,0,0,0,0,0,0,0,24,15,125,8.33,1,0,0,1,0,0,0,138,0,0
"Luke Schoonmaker","DAL",0,0,1,0,2023,1.35294117647059,25,0,342,0,0,0,0,0,0,0,0,0,15,8,65,8.13,2,0,0,2,0,0,0,60,0,0
"Tyler Scott","CHI",0,0,0,1,2023,1.61764705882353,22,4,343,0,0,0,0,0,7,41,5.86,0,32,17,168,9.88,0,1,1,0,0,0,0,136,0,0
"Patrick Taylor","GNB",0,1,0,0,2023,2.22727272727273,25,0,344,0,0,0,0,0,32,141,4.41,0,17,11,49,4.45,0,0,0,0,0,0,0,88,0,0
"River Cracraft","MIA",0,0,0,1,2023,2.25,29,1,345,0,0,0,0,0,0,0,0,0,12,9,121,13.44,1,0,0,1,0,0,0,139,0,0
"Kevin Harris","NWE",0,1,0,0,2023,4.875,23,0,346,0,0,0,0,0,16,65,4.06,1,3,3,58,19.33,0,0,0,1,0,0,0,89,0,0
"Davis Mills","HOU",1,0,0,0,2023,3,25,0,347,18,39,173,2,0,2,9,4.5,0,0,0,0,0,0,0,0,0,0,1,0,59,0,0
"Deven Thompkins","TAM",0,0,0,1,2023,1.55882352941176,24,1,348,0,0,0,0,0,8,56,7,0,25,17,83,4.88,1,3,1,1,0,0,0,140,0,0
"Melvin Gordon","BAL",0,1,0,0,2023,4.625,30,0,349,0,0,0,0,0,26,81,3.12,1,3,3,46,15.33,0,1,1,1,0,0,0,92,0,0
"Damien Harris","BUF",0,1,0,0,2023,3,26,0,350,0,0,0,0,0,23,94,4.09,1,2,2,16,8,0,0,0,1,0,0,0,91,0,0
"Connor Heyward","PIT",0,0,1,0,2023,1.67647058823529,24,7,351,0,1,0,0,0,1,0,0,0,34,23,167,7.26,0,0,0,0,0,0,0,62,0,0
"Ray-Ray McCloud","SFO",0,0,0,1,2023,1.91666666666667,27,1,352,0,0,0,0,0,3,30,10,0,15,12,135,11.25,0,1,0,0,0,0,0,141,0,0
"MyCole Pruitt","ATL",0,0,1,0,2023,1.26470588235294,31,8,353,0,0,0,0,0,0,0,0,0,12,9,110,12.22,1,1,0,1,0,0,0,61,0,0
"Trey Sermon","IND",0,1,0,0,2023,1.32142857142857,24,0,354,0,0,0,0,0,35,160,4.57,0,6,3,13,4.33,0,0,0,0,0,0,0,90,0,0
"Davis Allen","LAR",0,0,1,0,2023,1.4,22,1,355,0,0,0,0,0,0,0,0,0,11,10,95,9.5,1,0,0,1,0,0,0,63,0,0
"Luke Farrell","JAX",0,0,1,0,2023,1.32352941176471,26,8,356,0,0,0,0,0,0,0,0,0,15,13,155,11.92,0,0,0,0,0,0,0,64,0,0
"Lucas Krull","DEN",0,0,1,0,2023,2.85714285714286,25,2,357,0,0,0,0,0,0,0,0,0,14,8,95,11.88,1,0,0,1,0,0,0,65,0,0
"John Metchie","HOU",0,0,0,1,2023,1.5,23,0,358,0,0,0,0,0,1,4,4,0,30,16,158,9.88,0,0,0,0,0,0,0,142,0,0
"Donovan Peoples-Jones","2TM",0,0,0,1,2023,1.5,24,6,359,0,0,0,0,0,0,0,0,0,25,13,155,11.92,0,1,0,0,0,0,0,144,0,0
"Kyle Philips","TEN",0,0,0,1,2023,2.61111111111111,24,0,360,0,0,0,0,0,0,0,0,0,22,15,181,12.07,0,1,1,0,0,0,0,143,0,0
"Irv Smith Jr.","CIN",0,0,1,0,2023,2.08333333333333,25,6,361,0,0,0,0,0,0,0,0,0,26,18,115,6.39,1,1,1,1,0,0,0,66,0,0
"John Bates","WAS",0,0,1,0,2023,1.44117647058824,26,4,362,0,0,0,0,0,0,0,0,0,28,19,151,7.95,0,0,0,0,0,0,0,68,0,0
"Jalen Guyton","LAC",0,0,0,1,2023,2.5,26,3,363,0,0,0,0,0,0,0,0,0,21,10,89,8.9,1,0,0,1,0,0,0,146,0,0
"Charlie Kolar","BAL",0,0,1,0,2023,1.23333333333333,24,3,364,0,0,0,0,0,0,0,0,0,9,7,87,12.43,1,0,0,1,0,0,0,71,0,0
"David Moore","TAM",0,0,0,1,2023,2.5,28,0,365,0,0,0,0,0,0,0,0,0,7,5,94,18.8,1,0,0,1,0,0,0,145,0,0
"Ronnie Rivers","LAR",0,1,0,0,2023,1.94444444444444,24,1,366,0,0,0,0,0,32,129,4.03,0,5,5,22,4.4,0,0,0,0,0,0,0,93,0,0
"Jeremy Ruckert","NYJ",0,0,1,0,2023,1.53333333333333,23,6,367,0,0,0,0,0,0,0,0,0,22,16,151,9.44,0,0,0,0,0,0,0,69,0,0
"Trent Sherfield","BUF",0,0,0,1,2023,1.20588235294118,27,1,368,0,0,0,0,0,0,0,0,0,22,11,86,7.82,1,0,0,1,0,0,0,147,0,0
"Josh Whyle","TEN",0,0,1,0,2023,1.77272727272727,24,3,369,0,0,0,0,0,0,0,0,0,15,9,94,10.44,1,0,0,1,0,0,0,67,0,0
"Brock Wright","DET",0,0,1,0,2023,1.53571428571429,25,4,370,0,0,0,0,0,0,0,0,0,14,13,91,7,1,0,0,1,0,0,0,70,0,0
"Chase Claypool","2TM",0,0,0,1,2023,1.5,25,2,371,0,0,0,0,0,0,0,0,0,21,8,77,9.63,1,0,0,1,0,0,0,152,0,0
"Jeff Driskel","CLE",1,0,0,0,2023,14,30,1,372,13,26,166,2,2,7,33,4.71,0,0,0,0,0,0,0,0,0,0,0,0,60,0,0
"Xavier Hutchinson","HOU",0,0,0,1,2023,1.125,23,0,373,0,0,0,0,0,5,49,9.8,0,19,8,90,11.25,0,0,0,0,0,0,0,150,0,0
"Charlie Jones","CIN",0,0,0,1,2023,1.59090909090909,25,0,374,0,0,0,0,0,2,13,6.5,0,9,7,64,9.14,0,0,0,1,0,0,0,153,0,0
"Terrace Marshall Jr.","CAR",0,0,0,1,2023,2.61111111111111,23,4,375,0,0,0,0,0,0,0,0,0,33,19,139,7.32,0,1,0,0,0,0,0,151,0,0
"Byron Pringle","WAS",0,0,0,1,2023,1.23529411764706,30,1,376,0,0,0,0,0,0,0,0,0,22,14,161,11.5,0,1,1,0,0,0,0,149,0,0
"Ben Skowronek","LAR",0,0,0,1,2023,1.05882352941176,26,0,377,0,0,0,0,0,2,9,4.5,0,12,8,66,8.25,1,0,0,1,0,0,0,154,0,0
"Tyquan Thornton","NWE",0,0,0,1,2023,2.27777777777778,23,3,378,0,0,0,0,0,3,51,17,0,23,13,91,7,0,0,0,0,0,0,0,148,0,0
"Jordan Akins","CLE",0,0,1,0,2023,1.20588235294118,31,4,379,0,0,0,0,0,0,0,0,0,23,15,132,8.8,0,0,0,0,0,0,0,72,0,0
"Isaiah Spiller","LAC",0,1,0,0,2023,1.77777777777778,22,0,380,0,0,0,0,0,37,96,2.59,0,6,6,34,5.67,0,0,0,0,0,0,0,94,0,0
"Stephen Sullivan","CAR",0,0,1,0,2023,1.72727272727273,27,0,381,0,0,0,0,0,0,0,0,0,24,12,125,10.42,0,0,0,0,0,0,0,73,0,0
"Lynn Bowden Jr.","NOR",0,0,0,1,2023,1.16666666666667,26,3,382,0,0,0,0,0,5,32,6.4,0,16,11,83,7.55,0,1,0,0,0,0,0,158,0,0
"Jason Brownlee","NYJ",0,0,0,1,2023,2.07142857142857,24,5,383,0,0,0,0,0,0,0,0,0,8,5,56,11.2,1,0,0,1,0,0,0,156,0,0
"Randall Cobb","NYJ",0,0,0,1,2023,1.31818181818182,33,1,384,0,0,0,0,0,0,0,0,0,17,5,39,7.8,1,0,0,1,1,0,0,155,0,0
"Tyler Goodson","IND",0,1,0,0,2023,2.5,23,1,385,0,0,0,0,0,13,87,6.69,0,9,6,34,5.67,0,0,0,0,0,0,0,95,0,0
"Alec Ingold","MIA",0,1,0,0,2023,1.08823529411765,27,13,386,0,0,0,0,0,2,0,0,0,16,13,119,9.15,0,0,0,0,0,0,0,96,1,0
"Marcus Mariota","PHI",1,0,0,0,2023,4,30,0,387,15,23,164,1,1,8,52,6.5,0,0,0,0,0,0,1,1,0,0,0,0,62,0,0
"D.J. Montgomery","IND",0,0,0,1,2023,1.92857142857143,27,0,388,0,0,0,0,0,0,0,0,0,8,3,56,18.67,1,0,0,1,0,0,0,157,0,0
"Boston Scott","PHI",0,1,0,0,2023,0.933333333333333,28,0,389,0,0,0,0,0,20,86,4.3,0,6,4,52,13,0,1,1,0,0,0,0,97,0,0
"Laviska Shenault Jr.","CAR",0,0,0,1,2023,2.125,25,0,390,0,0,0,0,0,12,55,4.58,0,10,10,60,6,0,1,0,0,0,0,0,159,0,0
"Cole Turner","WAS",0,0,1,0,2023,1.45833333333333,23,1,391,0,0,0,0,0,0,0,0,0,15,11,120,10.91,0,0,0,0,0,0,0,74,0,0
"C.J. Uzomah","NYJ",0,0,1,0,2023,1.33333333333333,30,8,392,0,0,0,0,0,0,0,0,0,12,8,58,7.25,1,0,0,1,0,0,0,75,0,0
"Jameis Winston","NOR",1,0,0,0,2023,1.71428571428571,29,0,393,25,47,264,2,3,5,-6,-1.2,0,0,0,0,0,0,0,0,0,0,0,0,61,0,0
"Raheem Blackshear","CAR",0,1,0,0,2023,1.16666666666667,24,0,394,0,0,0,0,0,14,46,3.29,0,7,6,45,7.5,0,0,0,0,1,0,0,99,0,0
"Brandon Bolden","LVR",0,1,0,0,2023,0.647058823529412,33,0,395,0,0,0,0,0,4,31,7.75,1,0,0,0,0,0,0,0,1,1,0,0,100,0,0
"Tim Boyle","NYJ",1,0,0,0,2023,3.66666666666667,29,2,396,48,77,360,1,4,4,5,1.25,0,0,0,0,0,0,2,0,0,0,0,0,63,0,0
"Chris Brooks","MIA",0,1,0,0,2023,1.22222222222222,23,0,397,0,0,0,0,0,19,106,5.58,0,0,0,0,0,0,0,0,0,0,0,0,103,0,0
"Mecole Hardman","2TM",0,0,0,1,2023,1.68181818181818,25,2,398,0,0,0,0,0,1,3,3,0,24,15,124,8.27,0,1,1,0,0,0,0,160,0,0
"La'Mical Perine","KAN",0,1,0,0,2023,4.16666666666667,25,1,399,0,0,0,0,0,22,77,3.5,0,5,3,33,11,0,0,0,0,0,0,0,101,0,0
"Patrick Ricard","BAL",0,1,0,0,2023,0.794117647058823,29,9,400,0,0,0,0,0,0,0,0,0,7,5,52,10.4,1,0,0,1,0,0,0,98,0,0
"Robert Tonyan","CHI",0,0,1,0,2023,0.970588235294118,29,6,401,0,0,0,0,0,0,0,0,0,17,11,112,10.18,0,0,0,0,0,0,0,76,0,0
"Emanuel Wilson","GNB",0,1,0,0,2023,1.85714285714286,24,0,402,0,0,0,0,0,14,85,6.07,0,5,4,23,5.75,0,1,0,0,0,0,0,102,0,0
"Lawrence Cager","NYG",0,0,1,0,2023,1.09090909090909,26,0,403,0,0,0,0,0,0,0,0,0,5,4,36,9,1,0,0,1,0,0,0,77,0,0
"Parris Campbell","NYG",0,0,0,1,2023,1.66666666666667,26,3,404,0,0,0,0,0,0,0,0,0,27,20,104,5.2,0,0,0,0,0,0,0,161,0,0
"J.K. Dobbins","BAL",0,1,0,0,2023,11,25,1,405,0,0,0,0,0,8,22,2.75,1,3,2,15,7.5,0,0,0,1,0,0,0,105,0,0
"Marquise Goodwin","CLE",0,0,0,1,2023,1,33,0,406,0,0,0,0,0,4,33,8.25,0,13,4,67,16.75,0,0,0,0,0,0,0,163,0,0
"Keaontay Ingram","ARI",0,1,0,0,2023,1.5,24,1,407,0,0,0,0,0,35,74,2.11,0,4,4,26,6.5,0,0,0,0,0,0,0,104,0,0
"Case Keenum","HOU",1,0,0,0,2023,5,35,2,408,34,53,291,1,3,2,1,0.5,0,0,0,0,0,0,1,0,0,0,0,0,64,0,0
"Keith Kirkwood","NOR",0,0,0,1,2023,0.961538461538462,29,4,409,0,0,0,0,0,0,0,0,0,9,5,37,7.4,1,0,0,1,0,0,0,164,0,0
"Hunter Luepke","DAL",0,1,0,0,2023,0.676470588235294,23,0,410,0,0,0,0,0,6,19,3.17,1,4,3,18,6,0,0,0,1,0,0,0,106,0,0
"Sterling Shepard","NYG",0,0,0,1,2023,1,30,2,411,0,0,0,0,0,1,6,6,0,22,10,57,5.7,1,1,1,1,0,0,0,162,0,0
"Brenton Strange","JAX",0,0,1,0,2023,0.892857142857143,23,4,412,0,0,0,0,0,0,0,0,0,9,5,35,7,1,0,0,1,0,0,0,78,0,0
"Israel Abanikanda","NYJ",0,1,0,0,2023,2.08333333333333,21,0,413,0,0,0,0,0,22,70,3.18,0,11,7,43,6.14,0,1,1,0,0,0,0,107,0,0
"Nick Bawden","NYJ",0,1,0,0,2023,0.65625,27,2,414,0,0,0,0,0,2,4,2,1,3,3,21,7,0,0,0,1,0,0,0,108,0,0
"Richie James","KAN",0,0,0,1,2023,1.55555555555556,28,1,415,0,0,0,0,0,0,0,0,0,14,10,114,11.4,0,2,1,0,0,0,0,165,0,0
"Marcedes Lewis","CHI",0,0,1,0,2023,0.647058823529412,39,4,416,0,0,0,0,0,0,0,0,0,5,4,29,7.25,1,0,0,1,0,0,0,80,0,0
"Quintin Morris","BUF",0,0,1,0,2023,0.666666666666667,24,0,417,0,0,0,0,0,0,0,0,0,3,2,26,13,1,0,0,1,0,0,0,81,0,0
"Geoff Swaim","ARI",0,0,1,0,2023,1,30,8,418,0,0,0,0,0,0,0,0,0,11,10,94,9.4,0,0,0,0,0,0,0,79,0,0
"Brycen Hopkins","LAR",0,0,1,0,2023,0.7,26,0,419,0,0,0,0,0,0,0,0,0,7,5,78,15.6,0,0,0,0,0,0,0,83,0,0
"Tim Jones","JAX",0,0,0,1,2023,0.794117647058823,25,2,420,0,0,0,0,0,0,0,0,0,18,11,83,7.55,0,0,0,0,0,0,0,166,0,0
"Dare Ogunbowale","HOU",0,1,0,0,2023,0.75,29,0,421,0,0,0,0,0,8,35,4.38,0,7,2,18,9,0,0,0,0,0,0,0,109,0,0
"Ben Sims","GNB",0,0,1,0,2023,0.588235294117647,23,1,422,0,0,0,0,0,0,0,0,0,6,4,21,5.25,1,0,0,1,0,0,0,82,0,0
"Samori Toure","GNB",0,0,0,1,2023,1.09090909090909,25,0,423,0,0,0,0,0,0,0,0,0,18,8,78,9.75,0,1,1,0,1,0,0,167,0,0
"Deuce Vaughn","DAL",0,1,0,0,2023,1.64285714285714,22,0,424,0,0,0,0,0,23,40,1.74,0,7,7,40,5.71,0,0,0,0,0,0,0,110,0,0
"Trayveon Williams","CIN",0,1,0,0,2023,0.676470588235294,26,0,425,0,0,0,0,0,15,69,4.6,0,9,7,10,1.43,0,0,0,0,0,0,0,111,0,0
"Blake Bell","KAN",0,0,1,0,2023,0.558823529411765,32,3,426,0,0,0,0,0,0,0,0,0,9,5,26,5.2,1,1,1,1,0,0,0,84,0,0
"Gary Brightwell","NYG",0,1,0,0,2023,1.35714285714286,24,0,427,0,0,0,0,0,9,19,2.11,0,7,5,47,9.4,0,0,0,0,0,0,0,113,0,0
"Chris Conley","SFO",0,0,0,1,2023,1.0625,31,0,428,0,0,0,0,0,0,0,0,0,6,3,69,23,0,0,0,0,0,0,0,170,0,0
"Josiah Deguara","GNB",0,0,1,0,2023,0.733333333333333,26,4,429,0,0,0,0,0,0,0,0,0,8,8,65,8.13,0,0,0,0,0,0,0,85,0,0
"Simi Fehoko","LAC",0,0,0,1,2023,1.25,26,0,430,0,0,0,0,0,0,0,0,0,2,1,9,9,1,0,0,1,0,0,0,171,0,0
"Eric Gray","NYG",0,1,0,0,2023,0.769230769230769,24,0,431,0,0,0,0,0,17,48,2.82,0,7,6,22,3.67,0,3,0,0,0,0,0,112,0,0
"Tyler Johnson","LAR",0,0,0,1,2023,8,25,0,432,0,0,0,0,0,0,0,0,0,3,2,8,4,1,0,0,1,0,0,0,172,0,0
"Velus Jones Jr.","CHI",0,0,0,1,2023,0.642857142857143,26,0,433,0,0,0,0,0,8,51,6.38,0,7,4,20,5,0,0,0,0,0,0,0,168,0,0
"Clayton Tune","ARI",1,0,0,0,2023,1,24,1,434,12,21,62,0,2,8,30,3.75,1,0,0,0,0,0,2,1,1,1,0,0,65,0,0
"Tylan Wallace","BAL",0,0,0,1,2023,0.681818181818182,24,0,435,0,0,0,0,0,0,0,0,0,2,1,11,11,0,0,0,1,0,0,0,169,0,0
"Jalen Brooks","DAL",0,0,0,1,2023,1.28571428571429,23,0,436,0,0,0,0,0,0,0,0,0,6,6,64,10.67,0,0,0,0,0,0,0,173,0,0
"DeAndre Carter","LVR",0,0,0,1,2023,0.470588235294118,30,1,437,0,0,0,0,0,3,18,6,0,7,4,39,9.75,0,2,0,0,0,0,0,176,0,0
"Payne Durham","TAM",0,0,1,0,2023,0.653846153846154,23,2,438,0,0,0,0,0,0,0,0,0,7,5,58,11.6,0,0,0,0,0,0,0,88,0,0
"Blaine Gabbert","KAN",1,0,0,0,2023,3,34,1,439,18,35,185,0,3,7,45,6.43,0,0,0,0,0,0,0,0,0,0,0,0,66,0,0
"Rakim Jarrett","TAM",0,0,0,1,2023,0.8,22,0,440,0,0,0,0,0,1,0,0,0,9,4,60,15,0,0,0,0,0,0,0,175,0,0
"Ko Kieft","TAM",0,0,1,0,2023,0.40625,25,6,441,0,0,0,0,0,0,0,0,0,5,1,2,2,1,0,0,1,0,0,0,86,0,0
"Isaiah McKenzie","IND",0,0,0,1,2023,0.884615384615385,28,2,442,0,0,0,0,0,3,14,4.67,0,14,11,82,7.45,0,3,2,0,0,0,0,177,0,0
"Equanimeous St. Brown","CHI",0,0,0,1,2023,1.21428571428571,27,2,443,0,0,0,0,0,0,0,0,0,6,5,62,12.4,0,0,0,0,0,0,0,174,0,0
"Ian Thomas","CAR",0,0,1,0,2023,0.708333333333333,27,5,444,0,0,0,0,0,0,0,0,0,9,5,56,11.2,0,0,0,0,0,0,0,89,0,0
"Darnell Washington","PIT",0,0,1,0,2023,0.558823529411765,22,7,445,0,0,0,0,0,0,0,0,0,10,7,61,8.71,0,0,0,0,0,0,0,87,0,0
"Mitchell Wilcox","CIN",0,0,1,0,2023,0.617647058823529,27,4,446,0,0,0,0,0,0,0,0,0,12,9,56,6.22,0,0,0,0,0,0,0,90,0,0
"Damien Williams","ARI",0,1,0,0,2023,2.33333333333333,31,0,447,0,0,0,0,0,11,43,3.91,0,2,2,12,6,0,0,0,0,0,0,0,114,0,0
"Brian Hoyer","LVR",1,0,0,0,2023,1.66666666666667,38,1,448,23,42,231,0,2,3,-3,-1,0,0,0,0,0,0,0,0,0,0,0,0,67,0,0
"Ty Montgomery","NWE",0,0,0,1,2023,0.576923076923077,30,0,449,0,0,0,0,0,3,9,3,0,12,5,40,8,0,0,0,0,0,0,0,179,0,0
"Justyn Ross","KAN",0,0,0,1,2023,0.8,24,1,450,0,0,0,0,0,0,0,0,0,11,6,53,8.83,0,0,0,0,0,0,0,178,0,0
"Brett Rypien","LAR",1,0,0,0,2023,2.5,27,1,451,18,38,172,0,1,3,19,6.33,0,0,0,0,0,0,2,1,0,0,0,0,68,0,0
"Mike Strachan","CAR",0,0,0,1,2023,1.375,26,1,452,0,0,0,0,0,0,0,0,0,3,1,45,45,0,0,0,0,0,0,0,180,0,0
"Michael Burton","DEN",0,1,0,0,2023,0.323529411764706,31,3,453,0,0,0,0,0,7,9,1.29,0,3,3,8,2.67,0,0,0,0,1,0,0,118,0,0
"Grant Calcaterra","PHI",0,0,1,0,2023,0.4,25,1,454,0,0,0,0,0,0,0,0,0,4,4,39,9.75,0,0,0,0,0,0,0,91,0,0
"Elijah Cooks","JAX",0,0,0,1,2023,0.611111111111111,25,0,455,0,0,0,0,0,0,0,0,0,4,3,38,12.67,0,0,0,0,0,0,0,182,0,0
"Britain Covey","PHI",0,0,0,1,2023,0.375,26,0,456,0,0,0,0,0,0,0,0,0,6,4,42,10.5,0,2,0,0,0,0,0,181,0,0
"Leonard Fournette","BUF",0,1,0,0,2023,2,28,0,457,0,0,0,0,0,12,40,3.33,0,0,0,0,0,0,0,0,0,0,0,0,116,0,0
"Peyton Hendershot","DAL",0,0,1,0,2023,0.75,24,1,458,0,0,0,0,0,1,0,0,0,7,4,38,9.5,0,0,0,0,0,0,0,92,0,0
"Rashaad Penny","PHI",0,1,0,0,2023,1.5,27,0,459,0,0,0,0,0,11,33,3,0,1,1,5,5,0,0,0,0,0,0,0,117,0,0
"Jack Stoll","PHI",0,0,1,0,2023,0.382352941176471,25,10,460,0,0,0,0,0,0,0,0,0,8,5,38,7.6,0,0,0,0,0,0,0,93,0,0
"Ke'Shawn Vaughn","TAM",0,1,0,0,2023,0.833333333333333,26,0,461,0,0,0,0,0,24,42,1.75,0,5,2,2,1,0,0,0,0,0,0,0,115,0,0
"Khari Blasingame","CHI",0,1,0,0,2023,0.28125,27,2,462,0,0,0,0,0,8,26,3.25,0,6,3,2,0.67,0,0,0,0,0,0,0,122,0,0
"Keelan Doss","LAC",0,0,0,1,2023,1.2,27,0,463,0,0,0,0,0,0,0,0,0,13,6,33,5.5,0,0,0,0,0,0,0,183,0,0
"Greg Dulcich","DEN",0,0,1,0,2023,2.25,23,1,464,0,0,0,0,0,0,0,0,0,4,3,25,8.33,0,0,0,0,0,0,0,99,0,0
"Devin Duvernay","BAL",0,0,0,1,2023,0.384615384615385,26,1,465,0,0,0,0,0,4,15,3.75,0,9,4,18,4.5,0,0,0,0,0,0,0,184,0,0
"Derrick Gore","WAS",0,1,0,0,2023,0.5,29,0,466,0,0,0,0,0,3,26,8.67,0,0,0,0,0,0,0,0,0,0,0,0,123,0,0
"C.J. Ham","MIN",0,1,0,0,2023,0.382352941176471,30,5,467,0,0,0,0,0,1,7,7,0,9,7,25,3.57,0,0,0,0,0,0,0,120,1,0
"Julian Hill","MIA",0,0,1,0,2023,0.4,23,4,468,0,0,0,0,0,0,0,0,0,9,6,48,8,0,1,1,0,0,0,0,96,0,0
"Trishton Jackson","MIN",0,0,0,1,2023,0.571428571428571,25,0,469,0,0,0,0,0,0,0,0,0,4,2,9,4.5,0,0,0,0,1,0,0,185,0,0
"James Mitchell","DET",0,0,1,0,2023,0.266666666666667,24,1,470,0,0,0,0,0,0,0,0,0,2,2,28,14,0,0,0,0,0,0,0,97,0,0
"Jalen Nailor","MIN",0,0,0,1,2023,0.75,24,1,471,0,0,0,0,0,0,0,0,0,6,3,29,9.67,0,0,0,0,0,0,0,186,0,0
"Teagan Quitoriano","HOU",0,0,1,0,2023,0.571428571428571,23,5,472,0,0,0,0,0,0,0,0,0,3,2,33,16.5,0,0,0,0,0,0,0,94,0,0
"Cooper Rush","DAL",1,0,0,0,2023,0.428571428571429,30,0,473,18,24,144,0,1,12,-5,-0.42,0,0,0,0,0,0,0,0,0,0,0,0,69,0,0
"Steven Sims","HOU",0,0,0,1,2023,1.5,26,0,474,0,0,0,0,0,1,1,1,0,3,3,25,8.33,0,0,0,0,0,0,0,187,0,0
"Keith Smith","ATL",0,1,0,0,2023,0.346153846153846,31,6,475,0,0,0,0,0,0,0,0,0,3,3,33,11,0,0,0,0,0,0,0,119,0,0
"Sean Tucker","TAM",0,1,0,0,2023,0.363636363636364,22,0,476,0,0,0,0,0,15,23,1.53,0,2,2,9,4.5,0,0,0,0,0,0,0,121,0,0
"Malik Willis","TEN",1,0,0,0,2023,1,24,0,477,4,5,74,0,0,5,21,4.2,0,0,0,0,0,0,1,1,0,0,0,0,70,0,0
"Charlie Woerner","SFO",0,0,1,0,2023,0.264705882352941,26,2,478,0,0,0,0,0,0,0,0,0,3,3,32,10.67,0,0,0,0,0,0,0,95,0,0
"Kenny Yeboah","NYJ",0,0,1,0,2023,0.8,25,1,479,0,0,0,0,0,0,0,0,0,4,2,28,14,0,0,0,0,0,0,0,98,0,0
"Nate Adkins","DEN",0,0,1,0,2023,0.4,24,1,480,0,0,0,0,0,0,0,0,0,5,4,22,5.5,0,0,0,0,0,0,0,100,0,0
"Kayshon Boutte","NWE",0,0,0,1,2023,0.6,21,0,481,0,0,0,0,0,0,0,0,0,7,2,19,9.5,0,0,0,0,0,0,0,190,0,0
"Miles Boykin","PIT",0,0,0,1,2023,0.205882352941176,27,0,482,0,0,0,0,0,0,0,0,0,4,3,17,5.67,0,0,0,0,0,0,0,192,0,0
"DeeJay Dallas","SEA",0,1,0,0,2023,0.294117647058824,25,0,483,0,0,0,0,0,10,36,3.6,0,9,6,26,4.33,0,2,2,0,0,0,0,124,0,0
"Tyrion Davis-Price","SFO",0,1,0,0,2023,2,23,0,484,0,0,0,0,0,6,21,3.5,0,0,0,0,0,0,0,0,0,0,0,0,126,0,0
"Elijah Dotson","LAC",0,1,0,0,2023,0.75,24,0,485,0,0,0,0,0,4,6,1.5,0,2,2,13,6.5,0,0,0,0,0,0,0,128,0,0
"Zach Evans","LAR",0,1,0,0,2023,0.2,22,0,486,0,0,0,0,0,9,19,2.11,0,0,0,0,0,0,0,0,0,0,0,0,129,0,0
"Erik Ezukanma","MIA",0,0,0,1,2023,1,23,0,487,0,0,0,0,0,5,22,4.4,0,1,0,0,0,0,0,0,0,0,0,0,188,0,0
"Jake Funk","IND",0,1,0,0,2023,0.625,25,0,488,0,0,0,0,0,2,10,5,0,1,1,12,12,0,0,0,0,0,0,0,125,0,0
"Jaren Hall","MIN",1,0,0,0,2023,0.666666666666667,25,2,489,13,20,168,0,1,6,14,2.33,0,0,0,0,0,0,2,2,0,0,0,0,71,0,0
"Marvin Jones","DET",0,0,0,1,2023,0.75,33,4,490,0,0,0,0,0,0,0,0,0,10,5,35,7,0,1,1,0,0,0,0,194,0,0
"Zonovan Knight","DET",0,1,0,0,2023,1.25,22,0,491,0,0,0,0,0,3,13,4.33,0,1,1,8,8,0,0,0,0,0,0,0,127,0,0
"Chris Manhertz","DEN",0,0,1,0,2023,0.1875,31,4,492,0,0,0,0,0,0,0,0,0,4,2,16,8,0,0,0,0,0,0,0,103,0,0
"Nick Muse","MIN",0,0,1,0,2023,1.25,25,0,493,0,0,0,0,0,0,0,0,0,1,1,22,22,0,0,0,0,0,0,0,101,0,0
"Gunner Olszewski","2TM",0,0,0,1,2023,0.208333333333333,27,0,494,0,0,0,0,0,0,0,0,0,1,1,0,0,0,4,2,1,0,0,0,189,0,0
"Zach Pascal","ARI",0,0,0,1,2023,0.285714285714286,29,1,495,0,0,0,0,0,0,0,0,0,15,4,19,4.75,0,0,0,0,0,0,0,191,0,0
"Laquon Treadwell","BAL",0,0,0,1,2023,0.5,28,1,496,0,0,0,0,0,0,0,0,0,3,1,16,16,0,0,0,0,0,0,0,193,0,0
"Trevon Wesco","TEN",0,0,1,0,2023,0.166666666666667,28,10,497,0,0,0,0,0,0,0,0,0,3,1,21,21,0,0,0,0,0,0,0,102,0,0
"Mike White","MIA",1,0,0,0,2023,0.333333333333333,28,0,498,5,6,74,1,1,8,-9,-1.13,0,0,0,0,0,0,1,1,0,0,0,0,72,0,0
"Alex Armah","WAS",0,1,0,0,2023,0.3125,29,0,499,0,0,0,0,0,0,0,0,0,3,3,13,4.33,0,0,0,0,0,0,0,130,0,0
"Sean Clifford","GNB",1,0,0,0,2023,0.5,25,0,500,1,1,37,0,0,3,-2,-0.67,0,0,0,0,0,0,1,0,0,0,0,0,73,0,0
"Jashaun Corbin","NYG",0,1,0,0,2023,0.416666666666667,23,0,501,0,0,0,0,0,1,1,1,0,3,3,12,4,0,0,0,0,0,0,0,131,0,0
"Kenyan Drake","2TM",0,1,0,0,2023,0.666666666666667,29,0,502,0,0,0,0,0,2,0,0,0,3,2,31,15.5,0,1,1,0,0,0,0,135,0,0
"Ross Dwelley","SFO",0,0,1,0,2023,0.125,28,0,503,0,0,0,0,0,0,0,0,0,2,1,12,12,0,0,0,0,0,0,0,104,0,0
"D'Wayne Eskridge","SEA",0,0,0,1,2023,0.25,26,0,504,0,0,0,0,0,2,5,2.5,0,1,0,0,0,0,0,0,0,0,0,0,201,0,0
"Chris Evans","CIN",0,1,0,0,2023,0.1875,26,0,505,0,0,0,0,0,2,12,6,0,1,1,-1,-1,0,0,0,0,0,0,0,136,0,0
"Tucker Fisk","ATL",0,0,1,0,2023,0.25,24,2,506,0,0,0,0,0,0,0,0,0,1,1,9,9,0,0,0,0,0,0,0,107,0,0
"John FitzPatrick","ATL",0,0,1,0,2023,0.166666666666667,23,0,507,0,0,0,0,0,0,0,0,0,1,1,12,12,0,0,0,0,0,0,0,105,0,0
"Cole Fotheringham","LVR",0,0,1,0,2023,0.75,26,0,508,0,0,0,0,0,0,0,0,0,1,1,6,6,0,0,0,0,0,0,0,108,0,0
"Evan Hull","IND",0,1,0,0,2023,1.5,23,0,509,0,0,0,0,0,1,1,1,0,1,1,6,6,0,0,0,0,0,0,0,139,0,0
"Collin Johnson","CHI",0,0,0,1,2023,0.5,26,0,510,0,0,0,0,0,0,0,0,0,1,1,11,11,0,0,0,0,0,0,0,197,0,0
"Jakob Johnson","LVR",0,1,0,0,2023,0.115384615384615,29,5,511,0,0,0,0,0,0,0,0,0,2,1,12,12,0,0,0,0,0,0,0,134,0,0
"Mason Kinsey","TEN",0,0,0,1,2023,0.25,25,0,512,0,0,0,0,0,0,0,0,0,1,1,6,6,0,0,0,0,0,0,0,200,0,0
"A.J. McCarron","CIN",1,0,0,0,2023,0.5,33,0,513,4,5,19,0,0,0,0,0,0,0,0,0,0,0,0,0,0,0,0,0,74,0,0
"Anthony McFarland Jr.","PIT",0,1,0,0,2023,0.666666666666667,25,0,514,0,0,0,0,0,0,0,0,0,2,2,11,5.5,0,0,0,0,0,0,0,137,0,0
"Kene Nwangwu","MIN",0,1,0,0,2023,0.111111111111111,25,0,515,0,0,0,0,0,5,13,2.6,0,0,0,0,0,0,0,0,0,0,0,0,132,0,0
"Devine Ozigbo","DET",0,1,0,0,2023,0.5,27,0,516,0,0,0,0,0,3,5,1.67,0,1,1,8,8,0,0,0,0,0,0,0,133,0,0
"Kevin Rader","TEN",0,0,1,0,2023,0.107142857142857,28,0,517,0,0,0,0,0,0,0,0,0,3,1,6,6,0,0,0,0,0,0,0,109,0,0
"Eric Saubert","2TM",0,0,1,0,2023,0.25,29,1,518,0,0,0,0,0,0,0,0,0,3,3,12,4,0,0,0,0,0,0,0,106,0,0
"Willie Snead","SFO",0,0,0,1,2023,0.5,31,0,519,0,0,0,0,0,0,0,0,0,3,2,14,7,0,0,0,0,0,0,0,195,0,0
"Malik Taylor","NYJ",0,0,0,1,2023,0.666666666666667,28,0,520,0,0,0,0,0,0,0,0,0,4,2,13,6.5,0,0,0,0,0,0,0,196,0,0
"Cody Thompson","SEA",0,0,0,1,2023,0.214285714285714,27,0,521,0,0,0,0,0,0,0,0,0,1,1,10,10,0,0,0,0,0,0,0,198,0,0
"Austin Trammell","LAR",0,0,0,1,2023,0.1875,25,0,522,0,0,0,0,0,0,0,0,0,7,4,29,7.25,0,3,1,0,0,0,0,199,0,0
"Jonathan Ward","TEN",0,1,0,0,2023,0.142857142857143,26,0,523,0,0,0,0,0,3,11,3.67,0,0,0,0,0,0,0,0,0,0,0,0,138,0,0
"Kyle Allen","BUF",1,0,0,0,2023,-0.142857142857143,27,0,628,0,0,0,0,0,13,-13,-1,0,0,0,0,0,0,0,0,0,0,0,0,83,0,0
"Deon Jackson","3TM",0,1,0,0,2023,0.375,24,1,629,0,0,0,0,0,14,16,1.14,0,6,5,14,2.8,0,2,2,0,0,0,0,166,0,0
"David Wells","TAM",0,0,1,0,2023,0,28,0,630,0,0,0,0,0,0,0,0,0,2,2,-10,-5,0,1,0,0,0,0,0,140,0,0
"James Proche","CLE",0,0,0,1,2023,-0.2,27,1,631,0,0,0,0,0,0,0,0,0,5,0,0,0,0,1,1,0,0,0,0,242,0,0
"Trent Taylor","CHI",0,0,0,1,2023,-0.117647058823529,29,0,632,0,0,0,0,0,1,-2,-2,0,2,0,0,0,0,2,1,0,0,0,0,243,0,0
